Course,Course Title,Section,Department,Instructor,Credit Hours
AI4013,AI Product Development,BAI-7A,Artificial Intelligence,Azka Atiq,3
MG4057,AI-Led Transformation,BSE-9A,Software Engineering,Pir Sami Ullah Shah,3
CS5005,Advanced Analysis of Algorithms,MCS-1A,Computer Science,Ali Zeeshan Ijaz,3
CS5005,Advanced Analysis of Algorithms,PCS-2A,Computer Science,Ali Zeeshan Ijaz,3
AI5001,Advanced Artificial Intelligence,MAI-1A,Artificial Intelligence,Shahbaz Hassan,3
AI5001,Advanced Artificial Intelligence,MAI-1B,Artificial Intelligence,Muhammad Atif Saeed,3
CS6039,Advanced Computer Vision,PCS-1A,Computer Science,Muhammad Ishtiaq,3
SE6002,Advanced Empirical Software Engineering,PSE-1A,Software Engineering,Isma Ul Hassan,3
CS5009,Advanced Operating Systems,MCS-1A,Computer Science,Faisal Cheema,3
SE5002,Advanced Quality Assurance,MSE-1A,Software Engineering,Atif Aftab Ahmed Jilani,3
CS6002,Advanced Readings,PCS-1A,Computer Science,Faisal Cheema,3
SE5003,Advanced Software Architecture,MSE-1A,Software Engineering,Muhammad Bilal,3
DS2003,Advanced Statistics,BDS-5A,Data Science,Ahmad Din,3
DS2003,Advanced Statistics,BDS-5B,Data Science,Ahmad Din,3
CS6001,Advanced Topics in CS,PCS-1A,Computer Science,Amna Basharat,3
AI5004,Advanced Topics in Generative AI,MDS-3A,Data Science,Qurat ul Ain,3
CS6003,Advanced Topics in NLP,PCS-1A,Computer Science,Asif Muhammad,3
CS6035,Advanced Topics in Parallel and Distributed Systems,PCS-1A,Computer Science,Muhammad Mateen Yaqoob,3
SE6001,Advanced Topics in Requirements Engineering,PSE-1A,Software Engineering,Atif Aftab Ahmed Jilani,3
CS5020,Agentic AI,MAI-3A,Artificial Intelligence,Usama Imtiaz,3
CS5020,Agentic AI,MDS-3A,Data Science,Usama Imtiaz,3
AI4015,Agentic Artificial Intelligence,BAI-7A,Artificial Intelligence,Usama Imtiaz,3
AI4015,Agentic Artificial Intelligence,BAI-7B,Artificial Intelligence,Usama Imtiaz,3
AI4015,Agentic Artificial Intelligence,BCS-7A,Computer Science,Muhammad Owais Idrees,3
AI4015,Agentic Artificial Intelligence,BCS-7B,Computer Science,Muhammad Owais Idrees,3
AI4015,Agentic Artificial Intelligence,BCS-7C,Computer Science,Muhammad Owais Idrees,3
AI4015,Agentic Artificial Intelligence,BDS-7A,Data Science,Muhammad Sohail Abbas,3
CS5031,Applied Computer Vision,MAI-3A,Artificial Intelligence,Muhammad Nouman Noor,3
CS3014,Applied Human Computer Interaction,BCS-5A,Computer Science,Afia Zafar,3
CS3014,Applied Human Computer Interaction,BCS-5B,Computer Science,Labiba Fahad,3
CS3014,Applied Human Computer Interaction,BCS-5C,Computer Science,Afia Zafar,3
CS3014,Applied Human Computer Interaction,BCS-5D,Computer Science,Labiba Fahad,3
CS3014,Applied Human Computer Interaction,BCS-5E,Computer Science,Labiba Fahad,3
CS3014,Applied Human Computer Interaction,BCS-5F,Computer Science,Anum Kaleem,3
CS3014,Applied Human Computer Interaction,BCS-5G,Computer Science,Anum Kaleem,3
CS3014,Applied Human Computer Interaction,BCS-7A,Computer Science,Syeda Javaria Imtiaz,3
CS3014,Applied Human Computer Interaction,BCS-7B,Computer Science,Syeda Javaria Imtiaz,3
CS3014,Applied Human Computer Interaction,BCS-7C,Computer Science,Amna Basharat,3
CS3014,Applied Human Computer Interaction,BCS-7D,Computer Science,Amna Basharat,3
CS3014,Applied Human Computer Interaction,BCS-7E,Computer Science,Fatima Gillani,3
CS3014,Applied Human Computer Interaction,BCS-7F,Computer Science,Uzma Mahar,3
CS3014,Applied Human Computer Interaction,BCS-7G,Computer Science,Uzma Mahar,3
CY5005,Applied Information Security,MCY-1A,Cyber Security,Sana Aurangzeb,3
CY5005,Applied Information Security,PCS-2A,Computer Science,Sana Aurangzeb,3
NS1001,Applied Physics,BCY-1A,Cyber Security,Mehwish Hassan,3
NS1001,Applied Physics,BCY-1B,Cyber Security,Mehwish Hassan,3
NS1001,Applied Physics,BCY-1C,Cyber Security,Mehwish Hassan,3
NS1001,Applied Physics,BCY-1D,Cyber Security,Mehwish Hassan,3
NS1001,Applied Physics,BSE-1A,Software Engineering,Aisha Ijaz,3
NS1001,Applied Physics,BSE-1B,Software Engineering,Aisha Ijaz,3
NS1001,Applied Physics,BSE-1C,Software Engineering,Aisha Ijaz,3
NS1001,Applied Physics,BSE-1D,Software Engineering,Aisha Ijaz,3
NS1001,Applied Physics,BSE-1E,Software Engineering,Tashfeen Zehra,3
CS4002,Applied Programming,MAI-1A,Artificial Intelligence,Muhammad Sohail Abbas,3
CS4002,Applied Programming,MAI-1B,Artificial Intelligence,Bilal Shabeer,3
CS4002,Applied Programming,MCS-1A,Computer Science,Tajwar Mehmood,3
CS4002,Applied Programming,MCY-1A,Cyber Security,Jawad Hassan Nisar,3
CS4002,Applied Programming,MDS-1A,Data Science,Shoaib Saleem Khattak,3
CS4002,Applied Programming,MSE-1A,Software Engineering,No Teacher Assigned,3
AI2002,Artificial Intelligence,BCY-5A,Cyber Security,Sadia Saad,3
AI2002,Artificial Intelligence,BCY-5B,Cyber Security,Sadia Saad,3
AI2002,Artificial Intelligence,BCY-5C,Cyber Security,Momina Behzad,3
AI2002,Artificial Intelligence,BSE-5A,Software Engineering,Muhammad Bilal,3
AI2002,Artificial Intelligence,BSE-5B,Software Engineering,Muhammad Bilal,3
AI2002,Artificial Intelligence,BSE-5C,Software Engineering,Momina Behzad,3
AL2002,Artificial Intelligence - Lab,BCY-5A,Cyber Security,Ahsan Shakeel Malik,1
AL2002,Artificial Intelligence - Lab,BCY-5B,Cyber Security,Ahsan Shakeel Malik,1
AL2002,Artificial Intelligence - Lab,BCY-5C,Cyber Security,Ahsan Shakeel Malik,1
AL2002,Artificial Intelligence - Lab,BSE-5A,Software Engineering,Noor Ul Ain,1
AL2002,Artificial Intelligence - Lab,BSE-5B,Software Engineering,Noor Ul Ain,1
AL2002,Artificial Intelligence - Lab,BSE-5C,Software Engineering,Noor Ul Ain,1
CY4054,Blockchain Technologies and Applications,BAI-7A,Artificial Intelligence,Noshina Tariq,3
CS4049,Blockchain and Cryptocurrency,BCY-7A,Cyber Security,Muhammad Asim,3
CS4049,Blockchain and Cryptocurrency,BCY-7B,Cyber Security,Muhammad Asim,3
MT1003,Calculus and Analytical Geometry,BAI-1A,Artificial Intelligence,Arif,3
MT1003,Calculus and Analytical Geometry,BAI-1B,Artificial Intelligence,Izza Shafique,3
MT1003,Calculus and Analytical Geometry,BAI-1C,Artificial Intelligence,Iqra Arshad,3
MT1003,Calculus and Analytical Geometry,BCS-1A,Computer Science,Muhammad Ali,3
MT1003,Calculus and Analytical Geometry,BCS-1B,Computer Science,Muhammad Ali,3
MT1003,Calculus and Analytical Geometry,BCS-1C,Computer Science,Sara Aziz,3
MT1003,Calculus and Analytical Geometry,BCS-1D,Computer Science,Sara Aziz,3
MT1003,Calculus and Analytical Geometry,BCS-1E,Computer Science,Sara Aziz,3
MT1003,Calculus and Analytical Geometry,BCS-1F,Computer Science,Muhammad Ali,3
MT1003,Calculus and Analytical Geometry,BCS-1G,Computer Science,Muhammad Ali,3
MT1003,Calculus and Analytical Geometry,BCS-1H,Computer Science,Sara Aziz,3
MT1003,Calculus and Analytical Geometry,BCS-3Z,Computer Science,No Teacher Assigned,3
MT1003,Calculus and Analytical Geometry,BCY-1A,Cyber Security,Muhammad Usman Ashraf,3
MT1003,Calculus and Analytical Geometry,BCY-1B,Cyber Security,Muhammad Usman Ashraf,3
MT1003,Calculus and Analytical Geometry,BCY-1C,Cyber Security,Muhammad Usman Ashraf,3
MT1003,Calculus and Analytical Geometry,BCY-1D,Cyber Security,Muhammad Usman Ashraf,3
MT1003,Calculus and Analytical Geometry,BDS-1A,Data Science,Arif,3
MT1003,Calculus and Analytical Geometry,BDS-1B,Data Science,Arif,3
MT1003,Calculus and Analytical Geometry,BDS-1C,Data Science,Izza Shafique,3
MT1003,Calculus and Analytical Geometry,BSE-1A,Software Engineering,Hamda Khan,3
MT1003,Calculus and Analytical Geometry,BSE-1B,Software Engineering,Hamda Khan,3
MT1003,Calculus and Analytical Geometry,BSE-1C,Software Engineering,Hamda Khan,3
MT1003,Calculus and Analytical Geometry,BSE-1D,Software Engineering,Hamda Khan,3
MT1003,Calculus and Analytical Geometry,BSE-1E,Software Engineering,Arif,3
CS4075,Cloud Computing,BCS-7A,Computer Science,Basharat Hussain,3
CS4075,Cloud Computing,BCS-7B,Computer Science,Basharat Hussain,3
CS4075,Cloud Computing,BCY-7A,Cyber Security,Subhan Ullah,3
CS4075,Cloud Computing,BCY-7B,Cyber Security,Subhan Ullah,3
SL1008,Communication and Presentation Skills - Lab,BCS-9A,Computer Science,Sayeda Hassan,1
EE3009,Computer Architecture,BCS-5A,Computer Science,Shams Farooq,3
EE3009,Computer Architecture,BCS-5B,Computer Science,Shams Farooq,3
EE3009,Computer Architecture,BCS-5C,Computer Science,Noor Ul Ain,3
EE3009,Computer Architecture,BCS-5D,Computer Science,Noor Ul Ain,3
EE3009,Computer Architecture,BCS-5E,Computer Science,Shams Farooq,3
EE3009,Computer Architecture,BCS-5F,Computer Science,Noor Ul Ain,3
EE3009,Computer Architecture,BCS-5G,Computer Science,Aqib Rehman,3
CS3001,Computer Networks,BAI-5A,Artificial Intelligence,Ubaid Ur Rehman,3
CS3001,Computer Networks,BAI-5B,Artificial Intelligence,Laraib Afzaal,3
CS3001,Computer Networks,BAI-5C,Artificial Intelligence,Laraib Afzaal,3
CS3001,Computer Networks,BCS-5A,Computer Science,Ali Zeeshan Ijaz,3
CS3001,Computer Networks,BCS-5B,Computer Science,Ali Zeeshan Ijaz,3
CS3001,Computer Networks,BCS-5C,Computer Science,Sana Razzaq,3
CS3001,Computer Networks,BCS-5D,Computer Science,Sana Razzaq,3
CS3001,Computer Networks,BCS-5E,Computer Science,Kashif Munir,3
CS3001,Computer Networks,BCS-5F,Computer Science,Sana Razzaq,3
CS3001,Computer Networks,BCS-5G,Computer Science,Kashif Munir,3
CS3001,Computer Networks,BDS-7A,Data Science,Muhammad Atif Saeed,3
CS3001,Computer Networks,BDS-7B,Data Science,Muhammad Atif Saeed,3
CS3001,Computer Networks,BDS-7C,Data Science,Laraib Afzaal,3
CL3001,Computer Networks - Lab,BAI-5A,Artificial Intelligence,Nabeelah Maryam,1
CL3001,Computer Networks - Lab,BAI-5B,Artificial Intelligence,Nabeelah Maryam,1
CL3001,Computer Networks - Lab,BAI-5C,Artificial Intelligence,Shahid Khan,1
CL3001,Computer Networks - Lab,BCS-5A,Computer Science,Maryam Khalid,1
CL3001,Computer Networks - Lab,BCS-5B,Computer Science,Maryam Khalid,1
CL3001,Computer Networks - Lab,BCS-5C,Computer Science,Zille Huma,1
CL3001,Computer Networks - Lab,BCS-5D,Computer Science,Hajira Uzair,1
CL3001,Computer Networks - Lab,BCS-5E,Computer Science,Hajira Uzair,1
CL3001,Computer Networks - Lab,BCS-5F,Computer Science,Hajira Uzair,1
CL3001,Computer Networks - Lab,BCS-5G,Computer Science,Maryam Khalid,1
CL3001,Computer Networks - Lab,BDS-7A,Data Science,Shahid Khan,1
CL3001,Computer Networks - Lab,BDS-7B,Data Science,Shahid Khan,1
CL3001,Computer Networks - Lab,BDS-7C,Data Science,Nabeelah Maryam,1
EE2003,Computer Organization and Assembly Language,BAI-3A,Artificial Intelligence,Mohsin Khan,3
EE2003,Computer Organization and Assembly Language,BAI-3B,Artificial Intelligence,Mohsin Khan,3
EE2003,Computer Organization and Assembly Language,BAI-3C,Artificial Intelligence,Shahbaz Hassan,3
EE2003,Computer Organization and Assembly Language,BAI-5A,Artificial Intelligence,Zonera Anjum,3
EE2003,Computer Organization and Assembly Language,BCS-5A,Computer Science,Aqib Rehman,3
EE2003,Computer Organization and Assembly Language,BCS-5B,Computer Science,Aqib Rehman,3
EE2003,Computer Organization and Assembly Language,BCY-3A,Cyber Security,No Teacher Assigned,3
EE2003,Computer Organization and Assembly Language,BCY-3B,Cyber Security,No Teacher Assigned,3
EE2003,Computer Organization and Assembly Language,BCY-3C,Cyber Security,Daniya Jadoon,3
EE2003,Computer Organization and Assembly Language,BDS-3A,Data Science,No Teacher Assigned,3
EE2003,Computer Organization and Assembly Language,BDS-3B,Data Science,Mohsin Khan,3
EE2003,Computer Organization and Assembly Language,BSE-3A,Software Engineering,Daniya Jadoon,3
EE2003,Computer Organization and Assembly Language,BSE-3B,Software Engineering,Daniya Jadoon,3
EE2003,Computer Organization and Assembly Language,BSE-3C,Software Engineering,Samia Aziz,3
EE2003,Computer Organization and Assembly Language,BSE-3D,Software Engineering,Samia Aziz,3
EL2003,Computer Organization and Assembly Language - Lab,BAI-3A,Artificial Intelligence,Abdul Hammad Rasheed,1
EL2003,Computer Organization and Assembly Language - Lab,BAI-3B,Artificial Intelligence,No Teacher Assigned,1
EL2003,Computer Organization and Assembly Language - Lab,BAI-3C,Artificial Intelligence,Abdul Hammad Rasheed,1
EL2003,Computer Organization and Assembly Language - Lab,BAI-5A,Artificial Intelligence,Usama Bin Imran,1
EL2003,Computer Organization and Assembly Language - Lab,BCS-5A,Computer Science,Usama Bin Imran,1
EL2003,Computer Organization and Assembly Language - Lab,BCS-5B,Computer Science,Usama Bin Imran,1
EL2003,Computer Organization and Assembly Language - Lab,BCY-3A,Cyber Security,Muhammad Faheem Muhammadi,1
EL2003,Computer Organization and Assembly Language - Lab,BCY-3B,Cyber Security,Muhammad Faheem Muhammadi,1
EL2003,Computer Organization and Assembly Language - Lab,BCY-3C,Cyber Security,Muhammad Faheem Muhammadi,1
EL2003,Computer Organization and Assembly Language - Lab,BDS-3A,Data Science,Abdul Hammad Rasheed,1
EL2003,Computer Organization and Assembly Language - Lab,BDS-3B,Data Science,Abdul Hammad Rasheed,1
EL2003,Computer Organization and Assembly Language - Lab,BSE-3A,Software Engineering,Hifza Umer,1
EL2003,Computer Organization and Assembly Language - Lab,BSE-3B,Software Engineering,Hifza Umer,1
EL2003,Computer Organization and Assembly Language - Lab,BSE-3C,Software Engineering,Hifza Umer,1
EL2003,Computer Organization and Assembly Language - Lab,BSE-3D,Software Engineering,Muhammad Muneeb Baig,1
CY2004,Cyber Security,BCY-3A,Cyber Security,Mehmood Ul Hassan,3
CY2004,Cyber Security,BCY-3B,Cyber Security,Mehmood Ul Hassan,3
CY2004,Cyber Security,BCY-3C,Cyber Security,Mehmood Ul Hassan,3
CS6006,Cyber and Network Security,PCS-1A,Computer Science,Noshina Tariq,3
CS6006,Cyber and Network Security,PCS-1B,Computer Science,Sana Aurangzeb,3
DS3001,Data Analysis and Visualization,BDS-5A,Data Science,Azka Atiq,3
DS3001,Data Analysis and Visualization,BDS-5B,Data Science,Azka Atiq,3
DL3001,Data Analysis and Visualization - Lab,BDS-5A,Data Science,Sidra Fayyaz,1
DL3001,Data Analysis and Visualization - Lab,BDS-5B,Data Science,Sidra Fayyaz,1
DS5002,Data Science Tools and Techniques,MDS-1A,Data Science,Muhammad Mateen Yaqoob,3
CS2001,Data Structures,BAI-3A,Artificial Intelligence,Kainat Iqbal,3
CS2001,Data Structures,BAI-3B,Artificial Intelligence,Mahnoor Tariq,3
CS2001,Data Structures,BAI-3C,Artificial Intelligence,Shoaib Saleem Khattak,3
CS2001,Data Structures,BCS-3A,Computer Science,Marium Hida,3
CS2001,Data Structures,BCS-3B,Computer Science,Bushra Fatima,3
CS2001,Data Structures,BCS-3C,Computer Science,Bushra Kanwal,3
CS2001,Data Structures,BCS-3D,Computer Science,Rabail Zahid,3
CS2001,Data Structures,BCS-3E,Computer Science,Rabail Zahid,3
CS2001,Data Structures,BCS-3F,Computer Science,Bushra Fatima,3
CS2001,Data Structures,BCS-3G,Computer Science,Muhammad Arshad Islam,3
CS2001,Data Structures,BCS-3H,Computer Science,Nimra Shahid,3
CS2001,Data Structures,BCS-3J,Computer Science,Marium Hida,3
CS2001,Data Structures,BCY-3A,Cyber Security,Naveen Khan,3
CS2001,Data Structures,BCY-3B,Cyber Security,Naveen Khan,3
CS2001,Data Structures,BCY-3C,Cyber Security,Usman Habib,3
CS2001,Data Structures,BDS-3A,Data Science,Mahnoor Tariq,3
CS2001,Data Structures,BDS-3B,Data Science,Kainat Iqbal,3
CS2001,Data Structures,BSE-3A,Software Engineering,Usman Habib,3
CS2001,Data Structures,BSE-3B,Software Engineering,Usman Habib,3
CS2001,Data Structures,BSE-3C,Software Engineering,Zoya Sumbul Zaheer,3
CS2001,Data Structures,BSE-3D,Software Engineering,Zoya Sumbul Zaheer,3
CL2001,Data Structures - Lab,BAI-3A,Artificial Intelligence,Palwasha Zahid,1
CL2001,Data Structures - Lab,BAI-3B,Artificial Intelligence,No Teacher Assigned,1
CL2001,Data Structures - Lab,BAI-3C,Artificial Intelligence,Abdul Wahab Khan,1
CL2001,Data Structures - Lab,BCS-3A,Computer Science,Muhammad Talha Sharif,1
CL2001,Data Structures - Lab,BCS-3B,Computer Science,Zille Huma,1
CL2001,Data Structures - Lab,BCS-3C,Computer Science,Zille Huma,1
CL2001,Data Structures - Lab,BCS-3D,Computer Science,Laiba Noor,1
CL2001,Data Structures - Lab,BCS-3E,Computer Science,Seerat Afreen Saif,1
CL2001,Data Structures - Lab,BCS-3F,Computer Science,Seerat Afreen Saif,1
CL2001,Data Structures - Lab,BCS-3G,Computer Science,Ali Umer,1
CL2001,Data Structures - Lab,BCS-3H,Computer Science,Laiba Noor,1
CL2001,Data Structures - Lab,BCS-3J,Computer Science,Ali Umer,1
CL2001,Data Structures - Lab,BCY-3A,Cyber Security,Nawfal Waqar,1
CL2001,Data Structures - Lab,BCY-3B,Cyber Security,Nawfal Waqar,1
CL2001,Data Structures - Lab,BCY-3C,Cyber Security,Nawfal Waqar,1
CL2001,Data Structures - Lab,BDS-3A,Data Science,Palwasha Zahid,1
CL2001,Data Structures - Lab,BDS-3B,Data Science,Palwasha Zahid,1
CL2001,Data Structures - Lab,BSE-3A,Software Engineering,Syed Daniyal Hussain Shah,1
CL2001,Data Structures - Lab,BSE-3B,Software Engineering,Jawad Wakeel,1
CL2001,Data Structures - Lab,BSE-3C,Software Engineering,Syed Daniyal Hussain Shah,1
CL2001,Data Structures - Lab,BSE-3D,Software Engineering,Jawad Wakeel,1
CS2015,Data Structures and Algorithms,MCI-1A,Computational Intelligence,Shoaib Saleem Khattak,3
CS5037,Data Visualization,MCS-2A,Computer Science,Faisal Cheema,3
DS3004,Data Warehousing and Business Intellligence,BDS-5A,Data Science,Muhammad Asif Naeem,3
DS3004,Data Warehousing and Business Intellligence,BDS-5B,Data Science,Muhammad Asif Naeem,3
DS3003,Data Warehousing and Business Intellligence,BDS-9A,Data Science,Muhammad Asif Naeem,3
DS3003,Data Warehousing and Business Intellligence,BDS-9B,Data Science,Muhammad Asif Naeem,3
DL3004,Data Warehousing and Business Intellligence - Lab,BDS-5A,Data Science,Nayyera Wasim,1
DL3004,Data Warehousing and Business Intellligence - Lab,BDS-5B,Data Science,Nayyera Wasim,1
CS2005,Database Systems,BCY-5A,Cyber Security,Sana Aurangzeb,3
CS2005,Database Systems,BCY-5B,Cyber Security,Waseem Shahzad,3
CS2005,Database Systems,BCY-5C,Cyber Security,Sana Aurangzeb,3
CL2005,Database Systems - Lab,BCY-5A,Cyber Security,Marva Mehak Gill,1
CL2005,Database Systems - Lab,BCY-5B,Cyber Security,Marva Mehak Gill,1
CL2005,Database Systems - Lab,BCY-5C,Cyber Security,Marva Mehak Gill,1
CS5145,Database and Operating Systems,MCI-1A,Computational Intelligence,Kanza Hamid,3
DS5006,Deep Learning,MDS-9A,Data Science,Ahmad Raza Shahid,3
CS4045,Deep Learning for Perception,BCS-7A,Computer Science,Ahmad Raza Shahid,3
CS2009,Design and Analysis of Algorithms,BAI-5A,Artificial Intelligence,Kainat Iqbal,3
CS2009,Design and Analysis of Algorithms,BAI-5B,Artificial Intelligence,Ubaid Ur Rehman,3
CS2009,Design and Analysis of Algorithms,BAI-5C,Artificial Intelligence,Ubaid Ur Rehman,3
CS2009,Design and Analysis of Algorithms,BCS-5A,Computer Science,Syed Muhammad Saad Salman,3
CS2009,Design and Analysis of Algorithms,BCS-5B,Computer Science,Syed Muhammad Saad Salman,3
CS2009,Design and Analysis of Algorithms,BCS-5C,Computer Science,Amna Irum,3
CS2009,Design and Analysis of Algorithms,BCS-5D,Computer Science,Hira Mastoor,3
CS2009,Design and Analysis of Algorithms,BCS-5E,Computer Science,Amna Irum,3
CS2009,Design and Analysis of Algorithms,BCS-5F,Computer Science,Hira Mastoor,3
CS2009,Design and Analysis of Algorithms,BCS-5G,Computer Science,Amna Irum,3
CS2009,Design and Analysis of Algorithms,BDS-5A,Data Science,Ayesha Kamran Ul Haq,3
CS2009,Design and Analysis of Algorithms,BDS-5B,Data Science,Ayesha Kamran Ul Haq,3
CS2009,Design and Analysis of Algorithms,BSE-5A,Software Engineering,Zoya Sumbul Zaheer,3
CS2009,Design and Analysis of Algorithms,BSE-5B,Software Engineering,Mahnoor Ayaz,3
CS2009,Design and Analysis of Algorithms,BSE-5C,Software Engineering,Mahnoor Ayaz,3
EE1005,Digital Logic Design,BCS-3A,Computer Science,Fahad Shafique Mirza,3
EE1005,Digital Logic Design,BCS-3B,Computer Science,Maryam Shahbaz,3
EE1005,Digital Logic Design,BCS-3C,Computer Science,Suleman Khan,3
EE1005,Digital Logic Design,BCS-3D,Computer Science,Maryam Shahbaz,3
EE1005,Digital Logic Design,BCS-3E,Computer Science,Fahad Shafique Mirza,3
EE1005,Digital Logic Design,BCS-3F,Computer Science,Fahad Shafique Mirza,3
EE1005,Digital Logic Design,BCS-3G,Computer Science,Suleman Khan,3
EE1005,Digital Logic Design,BCS-3H,Computer Science,Bushra Fatima,3
EE1005,Digital Logic Design,BCS-3J,Computer Science,Maryam Shahbaz,3
EL1005,Digital Logic Design - Lab,BCS-3A,Computer Science,Syeda Mahnoor Javed,1
EL1005,Digital Logic Design - Lab,BCS-3B,Computer Science,Syeda Mahnoor Javed,1
EL1005,Digital Logic Design - Lab,BCS-3C,Computer Science,Syeda Mahnoor Javed,1
EL1005,Digital Logic Design - Lab,BCS-3D,Computer Science,Gul E Zahra,1
EL1005,Digital Logic Design - Lab,BCS-3E,Computer Science,Gul E Zahra,1
EL1005,Digital Logic Design - Lab,BCS-3F,Computer Science,Gul E Zahra,1
EL1005,Digital Logic Design - Lab,BCS-3G,Computer Science,Imran Khan,1
EL1005,Digital Logic Design - Lab,BCS-3H,Computer Science,Imran Khan,1
EL1005,Digital Logic Design - Lab,BCS-3J,Computer Science,Usama Bin Imran,1
MG4069,Digital Sustainability,BCS-9A,Computer Science,Bushra Mehmood,3
MG4069,Digital Sustainability,BCS-9B,Computer Science,Bushra Mehmood,3
CS1005,Discrete Structures,BCS-3A,Computer Science,Amina Ali,3
CS1005,Discrete Structures,BCS-3B,Computer Science,Rabail Zahid,3
AI4019,Edge Computing and Intelligent Systems,BAI-7A,Artificial Intelligence,Muhammad Mateen Yaqoob,3
AI4019,Edge Computing and Intelligent Systems,BAI-9A,Artificial Intelligence,Muhammad Mateen Yaqoob,3
AI4019,Edge Computing and Intelligent Systems,BDS-9A,Data Science,Muhammad Mateen Yaqoob,3
CS4095,Embedded Control of Robotics,BCS-7A,Computer Science,Suleman Khan,3
SE5032,Empirical Software Engineering,MSE-2A,Software Engineering,Isma Ul Hassan,3
SE5008,Engineering AI based Software,MSE-2A,Software Engineering,Shahela Saif,3
SS1004,English Composition and Comprehension,BCS-9A,Computer Science,No Teacher Assigned,2
SS1004,English Composition and Comprehension,BCS-9B,Computer Science,No Teacher Assigned,2
SS1004,English Composition and Comprehension,BCY-9A,Cyber Security,Zirva Shabbir,2
SL1004,English Composition and Comprehension - Lab,BCS-9A,Computer Science,No Teacher Assigned,1
SL1004,English Composition and Comprehension - Lab,BCS-9B,Computer Science,No Teacher Assigned,1
SL1004,English Composition and Comprehension - Lab,BCY-9A,Cyber Security,Sayeda Hassan,1
SL1001,English-I - Lab,BBA-9A,-,Hajra Khalid,1
CY4092,Final Year Project -II,BCY-9B,Cyber Security,Kashif Munir,3
AI4091,Final Year Project – I,BAI-7A,Artificial Intelligence,Saira Qamar,3
CS4091,Final Year Project – I,BCS-7A,Computer Science,Kashif Munir,3
CY4091,Final Year Project – I,BCY-7A,Cyber Security,Kashif Munir,3
DS4091,Final Year Project – I,BDS-7A,Data Science,Saira Qamar,3
SE4091,Final Year Project – I,BSE-7A,Software Engineering,Nigar Azhar Butt,3
AI4092,Final Year Project – II,BAI-9A,Artificial Intelligence,Saira Qamar,3
CS4092,Final Year Project – II,BCS-9A,Computer Science,Kashif Munir,3
DS4092,Final Year Project – II,BDS-9A,Data Science,Saira Qamar,3
SE4092,Final Year Project – II,BSE-9A,Software Engineering,Nigar Azhar Butt,3
SE4033,Formal Methods in Software Engineering,BSE-7A,Software Engineering,Laiba Imran,3
AI5012,Foundation of AI in Health Sciences,MHS-1A,Health Sciences,Ahmad Raza Shahid,3
CS5147,Foundation of Health Information Systems,MHS-1A,Health Sciences,Ahmad Raza Shahid,3
SS1012,Functional English,BAI-1A,Artificial Intelligence,Nimrah Nazim,2
SS1012,Functional English,BAI-1B,Artificial Intelligence,Nimrah Nazim,2
SS1012,Functional English,BAI-1C,Artificial Intelligence,Momal Saleem,2
SS1012,Functional English,BCS-1A,Computer Science,Ghalia Gohar,2
SS1012,Functional English,BCS-1B,Computer Science,Muhammad Ibrahim,2
SS1012,Functional English,BCS-1C,Computer Science,Ghalia Gohar,2
SS1012,Functional English,BCS-1D,Computer Science,Muhammad Ibrahim,2
SS1012,Functional English,BCS-1E,Computer Science,Muhammad Ibrahim,2
SS1012,Functional English,BCS-1F,Computer Science,Momal Saleem,2
SS1012,Functional English,BCS-1G,Computer Science,Ghalia Gohar,2
SS1012,Functional English,BCS-1H,Computer Science,Ghalia Gohar,2
SS1012,Functional English,BCY-1A,Cyber Security,Zirva Shabbir,2
SS1012,Functional English,BCY-1B,Cyber Security,Momal Saleem,2
SS1012,Functional English,BCY-1C,Cyber Security,Zirva Shabbir,2
SS1012,Functional English,BCY-1D,Cyber Security,Zirva Shabbir,2
SS1012,Functional English,BDS-1A,Data Science,Nimrah Nazim,2
SS1012,Functional English,BDS-1B,Data Science,Muhammad Ibrahim,2
SS1012,Functional English,BDS-1C,Data Science,Nimrah Nazim,2
SS1012,Functional English,BSE-1A,Software Engineering,Shahzad Mahmood,2
SS1012,Functional English,BSE-1B,Software Engineering,Shahzad Mahmood,2
SS1012,Functional English,BSE-1C,Software Engineering,Shahzad Mahmood,2
SS1012,Functional English,BSE-1D,Software Engineering,Shahzad Mahmood,2
SS1012,Functional English,BSE-1E,Software Engineering,Shahzad Mahmood,2
SL1012,Functional English - Lab,BAI-1A1,Artificial Intelligence,Syeda Mahnoor Ali,1
SL1012,Functional English - Lab,BAI-1A2,Artificial Intelligence,Iqra Fatima,1
SL1012,Functional English - Lab,BAI-1B1,Artificial Intelligence,Laiba Haider,1
SL1012,Functional English - Lab,BAI-1B2,Artificial Intelligence,Afaf Ahmad,1
SL1012,Functional English - Lab,BAI-1C1,Artificial Intelligence,Syeda Mahnoor Ali,1
SL1012,Functional English - Lab,BAI-1C2,Artificial Intelligence,Iqra Fatima,1
SL1012,Functional English - Lab,BCS-1A1,Computer Science,Sara Ijaz,1
SL1012,Functional English - Lab,BCS-1A2,Computer Science,Areen Ishtiaq,1
SL1012,Functional English - Lab,BCS-1B1,Computer Science,Muhammad Umer,1
SL1012,Functional English - Lab,BCS-1B2,Computer Science,Sayeda Hassan,1
SL1012,Functional English - Lab,BCS-1C1,Computer Science,Laiba Haider,1
SL1012,Functional English - Lab,BCS-1C2,Computer Science,Ayesha Sibghatullah,1
SL1012,Functional English - Lab,BCS-1D1,Computer Science,Muhammad Umer,1
SL1012,Functional English - Lab,BCS-1D2,Computer Science,Shafaq Shakeel,1
SL1012,Functional English - Lab,BCS-1E1,Computer Science,Muhammad Umer,1
SL1012,Functional English - Lab,BCS-1E2,Computer Science,Sayeda Hassan,1
SL1012,Functional English - Lab,BCS-1F1,Computer Science,Areej,1
SL1012,Functional English - Lab,BCS-1F2,Computer Science,Areen Ishtiaq,1
SL1012,Functional English - Lab,BCS-1G1,Computer Science,Sayeda Hassan,1
SL1012,Functional English - Lab,BCS-1G2,Computer Science,Muhammad Umer,1
SL1012,Functional English - Lab,BCS-1H1,Computer Science,Sara Ijaz,1
SL1012,Functional English - Lab,BCS-1H2,Computer Science,Hina Binte Munir,1
SL1012,Functional English - Lab,BCY-1A1,Cyber Security,Sayeda Hassan,1
SL1012,Functional English - Lab,BCY-1A2,Cyber Security,Shafaq Shakeel,1
SL1012,Functional English - Lab,BCY-1B1,Cyber Security,Afaf Ahmad,1
SL1012,Functional English - Lab,BCY-1B2,Cyber Security,Abdul Moiz Khan,1
SL1012,Functional English - Lab,BCY-1C1,Cyber Security,Muhammad Umer,1
SL1012,Functional English - Lab,BCY-1C2,Cyber Security,Sayeda Hassan,1
SL1012,Functional English - Lab,BCY-1D1,Cyber Security,Afaf Ahmad,1
SL1012,Functional English - Lab,BCY-1D2,Cyber Security,Areej,1
SL1012,Functional English - Lab,BDS-1A1,Data Science,Areej,1
SL1012,Functional English - Lab,BDS-1A2,Data Science,Areen Ishtiaq,1
SL1012,Functional English - Lab,BDS-1B1,Data Science,Shafaq Shakeel,1
SL1012,Functional English - Lab,BDS-1B2,Data Science,Syeda Mahnoor Ali,1
SL1012,Functional English - Lab,BDS-1C1,Data Science,Abdul Moiz Khan,1
SL1012,Functional English - Lab,BDS-1C2,Data Science,Laiba Haider,1
SL1012,Functional English - Lab,BSE-1A1,Software Engineering,Syeda Mahnoor Ali,1
SL1012,Functional English - Lab,BSE-1A2,Software Engineering,Iqra Fatima,1
SL1012,Functional English - Lab,BSE-1B1,Software Engineering,Sara Ijaz,1
SL1012,Functional English - Lab,BSE-1B2,Software Engineering,Iqra Fatima,1
SL1012,Functional English - Lab,BSE-1C1,Software Engineering,Syeda Mahnoor Ali,1
SL1012,Functional English - Lab,BSE-1C2,Software Engineering,Iqra Fatima,1
SL1012,Functional English - Lab,BSE-1D1,Software Engineering,Sara Ijaz,1
SL1012,Functional English - Lab,BSE-1D2,Software Engineering,Hina Binte Munir,1
SL1012,Functional English - Lab,BSE-1E1,Software Engineering,Areej,1
SL1012,Functional English - Lab,BSE-1E2,Software Engineering,Abdul Moiz Khan,1
CS4059,Fundamentals of Computer Vision,BDS-7A,Data Science,Muhammad Ishtiaq,3
CS4059,Fundamentals of Computer Vision,BDS-7B,Data Science,Muhammad Ishtiaq,3
CS3012,Fundamentals of Data Visualization,BCS-7A,Computer Science,Faisal Cheema,3
CS4044,Fundamentals of Software Project Management,BCS-7A,Computer Science,Hina Ayaz,3
CS4046,Game Design and Development,BSE-7A,Software Engineering,Bilal Khalid Dar,3
AI4009,Generative AI,BCS-7A,Computer Science,Akhtar Jamil,3
AI4009,Generative AI,BCS-7B,Computer Science,Akhtar Jamil,3
AI4009,Generative AI,BSE-7A,Software Engineering,Shahela Saif,3
AI4009,Generative AI,BSE-7B,Software Engineering,Shahela Saif,3
CS2007,Human Computer Interaction,BSE-9A,Software Engineering,Fatima Gillani,3
SS1013,Ideology and Constitution of Pakistan,BAI-1A,Artificial Intelligence,Muhammad Ajmal,2
SS1013,Ideology and Constitution of Pakistan,BAI-1B,Artificial Intelligence,Muhammad Ajmal,2
SS1013,Ideology and Constitution of Pakistan,BAI-1C,Artificial Intelligence,Muhammad Ajmal,2
SS1013,Ideology and Constitution of Pakistan,BCS-1A,Computer Science,Rabia Islam,2
SS1013,Ideology and Constitution of Pakistan,BCS-1B,Computer Science,Rabia Islam,2
SS1013,Ideology and Constitution of Pakistan,BCS-1C,Computer Science,Muhammad Shahzad Qaisar,2
SS1013,Ideology and Constitution of Pakistan,BCS-1D,Computer Science,Muhammad Shahzad Qaisar,2
SS1013,Ideology and Constitution of Pakistan,BCS-1E,Computer Science,Muhammad Shahzad Qaisar,2
SS1013,Ideology and Constitution of Pakistan,BCS-1F,Computer Science,Rabia Islam,2
SS1013,Ideology and Constitution of Pakistan,BCS-1G,Computer Science,Rabia Islam,2
SS1013,Ideology and Constitution of Pakistan,BCS-1H,Computer Science,Rabia Islam,2
SS1013,Ideology and Constitution of Pakistan,BCY-1A,Cyber Security,Ashia Yousaf,2
SS1013,Ideology and Constitution of Pakistan,BCY-1B,Cyber Security,Waqar Illahi,2
SS1013,Ideology and Constitution of Pakistan,BCY-1C,Cyber Security,Waqar Illahi,2
SS1013,Ideology and Constitution of Pakistan,BCY-1D,Cyber Security,Tehmina Ejaz,2
SS1013,Ideology and Constitution of Pakistan,BDS-1A,Data Science,Muhammad Shahzad Qaisar,2
SS1013,Ideology and Constitution of Pakistan,BDS-1B,Data Science,Safyan Shams,2
SS1013,Ideology and Constitution of Pakistan,BDS-1C,Data Science,Tehmina Ejaz,2
SS1013,Ideology and Constitution of Pakistan,BSE-1A,Software Engineering,Tehmina Ejaz,2
SS1013,Ideology and Constitution of Pakistan,BSE-1B,Software Engineering,Ashia Yousaf,2
SS1013,Ideology and Constitution of Pakistan,BSE-1C,Software Engineering,Tehmina Ejaz,2
SS1013,Ideology and Constitution of Pakistan,BSE-1D,Software Engineering,Aneela Alam Gill,2
SS1013,Ideology and Constitution of Pakistan,BSE-1E,Software Engineering,Tehmina Ejaz,2
CY3003,Information Assurance,BCY-7A,Cyber Security,Muhammad Qaisar Shafi,3
CY3003,Information Assurance,BCY-7B,Cyber Security,Muhammad Qaisar Shafi,3
CS6031,Information Retrieval and Text Mining,PCS-1A,Computer Science,Muhammad Bilal,3
CS3002,Information Security,BCS-7A,Computer Science,Muhammad Almas Khan,3
CS3002,Information Security,BCS-7B,Computer Science,Muhammad Almas Khan,3
CS3002,Information Security,BCS-7C,Computer Science,Hina Ayaz,3
CS3002,Information Security,BCS-7D,Computer Science,Hina Ayaz,3
CS3002,Information Security,BCS-7E,Computer Science,Muhammad Aadil Ur Rehman,3
CS3002,Information Security,BCS-7F,Computer Science,Muhammad Aadil Ur Rehman,3
CS3002,Information Security,BCS-7G,Computer Science,Muhammad Almas Khan,3
CS3002,Information Security,BCY-5A,Cyber Security,Hina Binte Haq,3
CS3002,Information Security,BCY-5B,Cyber Security,Hina Binte Haq,3
CS3002,Information Security,BCY-5C,Cyber Security,Hina Binte Haq,3
CS3002,Information Security,BSE-7A,Software Engineering,Zaheer ul Hussain Sani,3
CS3002,Information Security,BSE-7B,Software Engineering,Zaheer ul Hussain Sani,3
DS2001,Introduction to Data Science,BDS-3A,Data Science,Umarah Qaseem,3
DS2001,Introduction to Data Science,BDS-3B,Data Science,Umarah Qaseem,3
DL2001,Introduction to Data Science - Lab,BDS-3A,Data Science,No Teacher Assigned,1
DL2001,Introduction to Data Science - Lab,BDS-3B,Data Science,No Teacher Assigned,1
CL1000,Introduction to Information and Communication Technology,BAI-1A,Artificial Intelligence,Abdul Wahab Khan,1
CL1000,Introduction to Information and Communication Technology,BAI-1B,Artificial Intelligence,Sidra Fayyaz,1
CL1000,Introduction to Information and Communication Technology,BAI-1C,Artificial Intelligence,No Teacher Assigned,1
CL1000,Introduction to Information and Communication Technology,BCS-1A,Computer Science,Asma Tufail,1
CL1000,Introduction to Information and Communication Technology,BCS-1B,Computer Science,Asma Tufail,1
CL1000,Introduction to Information and Communication Technology,BCS-1C,Computer Science,Haqeeq Ruman,1
CL1000,Introduction to Information and Communication Technology,BCS-1D,Computer Science,Asma Tufail,1
CL1000,Introduction to Information and Communication Technology,BCS-1E,Computer Science,Ali Umer,1
CL1000,Introduction to Information and Communication Technology,BCS-1F,Computer Science,Seerat Afreen Saif,1
CL1000,Introduction to Information and Communication Technology,BCS-1G,Computer Science,Laiba Noor,1
CL1000,Introduction to Information and Communication Technology,BCS-1H,Computer Science,Haqeeq Ruman,1
CL1000,Introduction to Information and Communication Technology,BCY-1A,Cyber Security,No Teacher Assigned,1
CL1000,Introduction to Information and Communication Technology,BCY-1B,Cyber Security,Areej Fatima,1
CL1000,Introduction to Information and Communication Technology,BCY-1C,Cyber Security,Areej Fatima,1
CL1000,Introduction to Information and Communication Technology,BCY-1D,Cyber Security,Areej Fatima,1
CL1000,Introduction to Information and Communication Technology,BDS-1A,Data Science,Nayyera Wasim,1
CL1000,Introduction to Information and Communication Technology,BDS-1B,Data Science,No Teacher Assigned,1
CL1000,Introduction to Information and Communication Technology,BDS-1C,Data Science,No Teacher Assigned,1
CL1000,Introduction to Information and Communication Technology,BSE-1A,Software Engineering,Zoya Mahboob,1
CL1000,Introduction to Information and Communication Technology,BSE-1B,Software Engineering,Jawad Wakeel,1
CL1000,Introduction to Information and Communication Technology,BSE-1C,Software Engineering,Zoya Mahboob,1
CL1000,Introduction to Information and Communication Technology,BSE-1D,Software Engineering,Zoya Mahboob,1
CL1000,Introduction to Information and Communication Technology,BSE-1E,Software Engineering,Haqeeq Ruman,1
SE1001,Introduction to Software Engineering,BSE-3A,Software Engineering,Behjat Zuhaira,3
SE1001,Introduction to Software Engineering,BSE-3B,Software Engineering,Behjat Zuhaira,3
SE1001,Introduction to Software Engineering,BSE-3C,Software Engineering,Isma Ul Hassan,3
SE1001,Introduction to Software Engineering,BSE-3D,Software Engineering,Isma Ul Hassan,3
SS1007,Islamic Studies/Ethics,BAI-1A,Artificial Intelligence,Muhammad Saqib,2
SS1007,Islamic Studies/Ethics,BAI-1B,Artificial Intelligence,Mahboobullah,2
SS1007,Islamic Studies/Ethics,BAI-1C,Artificial Intelligence,Muhammad Saqib,2
SS1007,Islamic Studies/Ethics,BCS-1A,Computer Science,Muhammad Asim Shiekh,2
SS1007,Islamic Studies/Ethics,BCS-1B,Computer Science,Muhammad Saqib,2
SS1007,Islamic Studies/Ethics,BCS-1C,Computer Science,Mahboobullah,2
SS1007,Islamic Studies/Ethics,BCS-1D,Computer Science,Faisal Ur Rehman,2
SS1007,Islamic Studies/Ethics,BCS-1E,Computer Science,Muhammad Asim Shiekh,2
SS1007,Islamic Studies/Ethics,BCS-1F,Computer Science,Faisal Ur Rehman,2
SS1007,Islamic Studies/Ethics,BCS-1G,Computer Science,Ahmad Ali Khan,2
SS1007,Islamic Studies/Ethics,BCS-1H,Computer Science,Muhammad Ajmal Farooq,2
SS1007,Islamic Studies/Ethics,BCS-1Z,Computer Science,Muhammad Ibrahim,2
SS1007,Islamic Studies/Ethics,BDS-1A,Data Science,Muhammad Asim Shiekh,2
SS1007,Islamic Studies/Ethics,BDS-1B,Data Science,Farhad Ali,2
SS1007,Islamic Studies/Ethics,BDS-1C,Data Science,Mahboobullah,2
AI3001,Knowledge Representation and Reasoning,BAI-5A,Artificial Intelligence,Mehreen Javaid,3
AI3001,Knowledge Representation and Reasoning,BAI-5B,Artificial Intelligence,Mehreen Javaid,3
AI3001,Knowledge Representation and Reasoning,BAI-5C,Artificial Intelligence,Mehreen Javaid,3
MT1004,Linear Algebra,BAI-3A,Artificial Intelligence,Iqra Arshad,3
MT1004,Linear Algebra,BAI-3B,Artificial Intelligence,Nadia Batool,3
MT1004,Linear Algebra,BAI-3C,Artificial Intelligence,Iqra Arshad,3
MT1004,Linear Algebra,BCS-3A,Computer Science,Nabila Ahmad,3
MT1004,Linear Algebra,BCS-3B,Computer Science,Nabila Ahmad,3
MT1004,Linear Algebra,BCS-3C,Computer Science,Sehrish Hassan Shigri,3
MT1004,Linear Algebra,BCS-3D,Computer Science,Sehrish Hassan Shigri,3
MT1004,Linear Algebra,BCS-3E,Computer Science,Nabila Ahmad,3
MT1004,Linear Algebra,BCS-3F,Computer Science,Mehreen Alam,3
MT1004,Linear Algebra,BCS-3G,Computer Science,Mehreen Alam,3
MT1004,Linear Algebra,BCS-3H,Computer Science,Mehreen Alam,3
MT1004,Linear Algebra,BCS-3J,Computer Science,Mehreen Alam,3
MT1004,Linear Algebra,BCY-3A,Cyber Security,Sumaira Azhar,3
MT1004,Linear Algebra,BCY-3B,Cyber Security,Sumaira Azhar,3
MT1004,Linear Algebra,BCY-3C,Cyber Security,Sumaira Azhar,3
MT1004,Linear Algebra,BDS-3A,Data Science,Javaria Azmat,3
MT1004,Linear Algebra,BDS-3B,Data Science,Javaria Azmat,3
MT1004,Linear Algebra,BSE-3A,Software Engineering,Nadia Batool,3
MT1004,Linear Algebra,BSE-3B,Software Engineering,Khadija Farooq,3
MT1004,Linear Algebra,BSE-3C,Software Engineering,Khadija Farooq,3
MT1004,Linear Algebra,BSE-3D,Software Engineering,Khadija Farooq,3
CS4085,MLOps,BCS-7A,Computer Science,Hammad Majeed,3
CS4085,MLOps,BCS-7B,Computer Science,Hammad Majeed,3
CS5091,MS Thesis - I,MCS-3A,Computer Science,Labiba Fahad,3
CY5091,MS Thesis - I,MCY-3A,Cyber Security,Zafar Iqbal Abbasi,3
DS5091,MS Thesis - I,MDS-3A,Data Science,Muhammad Mateen Yaqoob,3
CY5092,MS Thesis - II,MCN-9A,Cyber security & Network,Zafar Iqbal Abbasi,3
CS5092,MS Thesis - II,MCS-3A,Computer Science,Labiba Fahad,3
CY5092,MS Thesis - II,MCY-9A,Cyber Security,Zafar Iqbal Abbasi,3
DS5092,MS Thesis - II,MDS-9A,Data Science,Muhammad Mateen Yaqoob,3
AI5091,MS Thesis -I,MAI-3A,Artificial Intelligence,Muhammad Ishtiaq,3
SE5091,MS Thesis -I,MSE-3A,Software Engineering,Behjat Zuhaira,3
AI5092,MS Thesis -II,MAI-3A,Artificial Intelligence,Muhammad Ishtiaq,3
SE5092,MS Thesis -II,MSE-3A,Software Engineering,Behjat Zuhaira,3
AI3002,Machine Learning,BAI-5A,Artificial Intelligence,Kanza Hamid,3
AI3002,Machine Learning,BAI-5B,Artificial Intelligence,Ahmad Raza,3
AI3002,Machine Learning,BAI-5C,Artificial Intelligence,Ahmad Raza,3
AL3002,Machine Learning - Lab,BAI-5A,Artificial Intelligence,No Teacher Assigned,1
AL3002,Machine Learning - Lab,BAI-5B,Artificial Intelligence,No Teacher Assigned,1
AL3002,Machine Learning - Lab,BAI-5C,Artificial Intelligence,No Teacher Assigned,1
CY5002,Machine Learning for Cyber Security,MCY-2A,Cyber Security,Jawad Hassan Nisar,3
CY5002,Machine Learning for Cyber Security,PCS-2A,Computer Science,Jawad Hassan Nisar,3
AI5002,Mathematical Foundations of AI,MAI-1A,Artificial Intelligence,Javaria Fatima,3
AI5002,Mathematical Foundations of AI,MAI-1B,Artificial Intelligence,Muhammad Sohail Abbas,3
CS5144,Mathematics for Computational Intelligence,MCI-1A,Computational Intelligence,Mohsin Raza,3
MG3040,Methods in Business Research,BAI-7A,Artificial Intelligence,Maryam Sana,3
MG3040,Methods in Business Research,BAI-7B,Artificial Intelligence,Maryam Sana,3
MG3040,Methods in Business Research,BAI-7C,Artificial Intelligence,Zonera Anjum,3
MG3040,Methods in Business Research,BDS-7A,Data Science,Qurat ul Ain,3
MG3040,Methods in Business Research,BDS-7B,Data Science,Zonera Anjum,3
MG3040,Methods in Business Research,BDS-7C,Data Science,Maryam Sana,3
AI4012,Multiagent Systems and Game Theory,BAI-7A,Artificial Intelligence,Mahnoor Tariq,3
AI4012,Multiagent Systems and Game Theory,BDS-7A,Data Science,Mirza Omer Beg,3
AI4012,Multiagent Systems and Game Theory,BDS-7B,Data Science,Mirza Omer Beg,3
AI4012,Multiagent Systems and Game Theory,BDS-7C,Data Science,Mirza Omer Beg,3
CS4063,Natural Language Processing,BSE-7A,Software Engineering,Asif Muhammad,3
CS4063,Natural Language Processing,BSE-7B,Software Engineering,Asif Muhammad,3
DS5007,Natural Language Processing,MDS-1A,Data Science,Adil Majeed,3
CS1004,Object Oriented Programming,BAI-3A,Artificial Intelligence,Kanza Hamid,3
CS1004,Object Oriented Programming,BCS-3A,Computer Science,Nimra Shahid,3
CS1004,Object Oriented Programming,BCS-3B,Computer Science,Nimra Shahid,3
CS1004,Object Oriented Programming,BCS-3C,Computer Science,Bushra Kanwal,3
CS1004,Object Oriented Programming,BCS-3D,Computer Science,Bushra Kanwal,3
CS1004,Object Oriented Programming,BSE-3A,Software Engineering,Samia Aziz,3
CL1004,Object Oriented Programming - Lab,BAI-3A,Artificial Intelligence,Abdul Wahab Khan,1
CL1004,Object Oriented Programming - Lab,BCS-3A,Computer Science,Abdullah Bin Zahid,1
CL1004,Object Oriented Programming - Lab,BCS-3B,Computer Science,Abdullah Bin Zahid,1
CL1004,Object Oriented Programming - Lab,BCS-3C,Computer Science,Abdullah Bin Zahid,1
CL1004,Object Oriented Programming - Lab,BCS-3D,Computer Science,Imran Khan,1
CL1004,Object Oriented Programming - Lab,BSE-3A,Software Engineering,Syed Daniyal Hussain Shah,1
CS2006,Operating Systems,BCY-5A,Cyber Security,Hasan Mujtaba,3
CS2006,Operating Systems,BCY-5B,Cyber Security,Arslan Aslam,3
CS2006,Operating Systems,BCY-5C,Cyber Security,Arslan Aslam,3
CS2006,Operating Systems,BDS-5A,Data Science,Hasan Mujtaba,3
CL2006,Operating Systems - Lab,BCY-5A,Cyber Security,Syeda Rubab Zainab,1
CL2006,Operating Systems - Lab,BCY-5B,Cyber Security,Syeda Rubab Zainab,1
CL2006,Operating Systems - Lab,BCY-5C,Cyber Security,Syeda Rubab Zainab,1
CL2006,Operating Systems - Lab,BDS-5A,Data Science,No Teacher Assigned,1
SS1015,Pakistan Studies,BAI-3A,Artificial Intelligence,Zahida Amin,2
SS1015,Pakistan Studies,BAI-3B,Artificial Intelligence,Memoona Rasool,2
SS1015,Pakistan Studies,BAI-3C,Artificial Intelligence,Sidra Shabbir,2
SS1015,Pakistan Studies,BCY-3A,Cyber Security,Asefa Zareen Khilji,2
SS1015,Pakistan Studies,BCY-3B,Cyber Security,Asefa Zareen Khilji,2
SS1015,Pakistan Studies,BCY-3C,Cyber Security,Asefa Zareen Khilji,2
SS1015,Pakistan Studies,BSE-3A,Software Engineering,Memoona Rasool,2
SS1015,Pakistan Studies,BSE-3B,Software Engineering,Memoona Rasool,2
SS1015,Pakistan Studies,BSE-3C,Software Engineering,Memoona Rasool,2
SS1015,Pakistan Studies,BSE-3D,Software Engineering,Memoona Rasool,2
CS3006,Parallel and Distributed Computing,BCS-7A,Computer Science,Muhammad Aadil Ur Rehman,3
CS3006,Parallel and Distributed Computing,BCS-7B,Computer Science,Muhammad Rizwan,3
CS3006,Parallel and Distributed Computing,BCS-7C,Computer Science,Muhammad Rizwan,3
CS3006,Parallel and Distributed Computing,BCS-7D,Computer Science,Muhammad Arshad Islam,3
CS3006,Parallel and Distributed Computing,BSE-7A,Software Engineering,Zaheer ul Hussain Sani,3
CS3006,Parallel and Distributed Computing,BSE-7B,Software Engineering,Uzma Mahar,3
CS6091,PhD Thesis - I,PCS-3A,Computer Science,Akhtar Jamil,6
CS6092,PhD Thesis - II,PCS-3A,Computer Science,Akhtar Jamil,6
CS6093,PhD Thesis - III,PCS-4A,Computer Science,Akhtar Jamil,6
CS6094,PhD Thesis - IV,PCS-9A,Computer Science,Akhtar Jamil,6
SE4009,Process Mining and Simulation,BSE-7A,Software Engineering,Naveed Ahmad,3
CS4001,Professional Practices in IT,BCS-7A,Computer Science,Muhammad Farrukh Bashir,3
CS4001,Professional Practices in IT,BCS-7B,Computer Science,Muhammad Farrukh Bashir,3
CS4001,Professional Practices in IT,BCS-7C,Computer Science,Muhammad Aamir Gulzar,3
CS4001,Professional Practices in IT,BCS-7D,Computer Science,Zia Ul Qayyum,3
CS4001,Professional Practices in IT,BCS-7E,Computer Science,Muhammad Farrukh Bashir,3
CS4001,Professional Practices in IT,BCS-7F,Computer Science,Muhammad Aamir Gulzar,3
CS4001,Professional Practices in IT,BCS-7G,Computer Science,Muhammad Aamir Gulzar,3
CS4001,Professional Practices in IT,BCS-7H,Computer Science,Zia Ul Qayyum,3
CS4001,Professional Practices in IT,BCY-7A,Cyber Security,Aneeqa Khalil,3
CS4001,Professional Practices in IT,BCY-7B,Cyber Security,Aneeqa Khalil,3
CS4001,Professional Practices in IT,BSE-9A,Software Engineering,Fatima Gillani,3
CS1002,Programming Fundamentals,BAI-1A,Artificial Intelligence,Saira Qamar,3
CS1002,Programming Fundamentals,BAI-1B,Artificial Intelligence,Muhammad Sohail Abbas,3
CS1002,Programming Fundamentals,BAI-1C,Artificial Intelligence,Ayesha Kamran Ul Haq,3
CS1002,Programming Fundamentals,BCS-1A,Computer Science,Shehreyar Rashid,3
CS1002,Programming Fundamentals,BCS-1B,Computer Science,Shehreyar Rashid,3
CS1002,Programming Fundamentals,BCS-1C,Computer Science,Nirmal Tariq,3
CS1002,Programming Fundamentals,BCS-1D,Computer Science,Nirmal Tariq,3
CS1002,Programming Fundamentals,BCS-1E,Computer Science,Munazza Nida,3
CS1002,Programming Fundamentals,BCS-1F,Computer Science,Shehreyar Rashid,3
CS1002,Programming Fundamentals,BCS-1G,Computer Science,Nirmal Tariq,3
CS1002,Programming Fundamentals,BCS-1H,Computer Science,Munazza Nida,3
CS1002,Programming Fundamentals,BCY-1A,Cyber Security,Aneeqa Khalil,3
CS1002,Programming Fundamentals,BCY-1B,Cyber Security,Jawad Hassan Nisar,3
CS1002,Programming Fundamentals,BCY-1C,Cyber Security,Sadia Saad,3
CS1002,Programming Fundamentals,BCY-1D,Cyber Security,Jawad Hassan Nisar,3
CS1002,Programming Fundamentals,BDS-1A,Data Science,Saira Qamar,3
CS1002,Programming Fundamentals,BDS-1B,Data Science,Adil Majeed,3
CS1002,Programming Fundamentals,BDS-1C,Data Science,Adil Majeed,3
CS1002,Programming Fundamentals,BSE-1A,Software Engineering,Junaid Ali Khan,3
CS1002,Programming Fundamentals,BSE-1B,Software Engineering,Laiba Imran,3
CS1002,Programming Fundamentals,BSE-1C,Software Engineering,Bilal Khalid Dar,3
CS1002,Programming Fundamentals,BSE-1D,Software Engineering,Momina Behzad,3
CS1002,Programming Fundamentals,BSE-1E,Software Engineering,Bilal Khalid Dar,3
CS1002,Programming Fundamentals,BSE-1F,Software Engineering,Laiba Imran,3
CL1002,Programming Fundamentals - Lab,BAI-1A,Artificial Intelligence,Umaima Aman,1
CL1002,Programming Fundamentals - Lab,BAI-1B,Artificial Intelligence,Umaima Aman,1
CL1002,Programming Fundamentals - Lab,BAI-1C,Artificial Intelligence,Mubrra Asma,1
CL1002,Programming Fundamentals - Lab,BCS-1A,Computer Science,Muhammad Talha Sharif,1
CL1002,Programming Fundamentals - Lab,BCS-1B,Computer Science,Muhammad Ismail,1
CL1002,Programming Fundamentals - Lab,BCS-1C,Computer Science,Muhammad Talha Sharif,1
CL1002,Programming Fundamentals - Lab,BCS-1D,Computer Science,Muhammad Ismail,1
CL1002,Programming Fundamentals - Lab,BCS-1E,Computer Science,Muhammad Umair Khalid,1
CL1002,Programming Fundamentals - Lab,BCS-1F,Computer Science,Muhammad Ismail,1
CL1002,Programming Fundamentals - Lab,BCS-1G,Computer Science,Muhammad Umair Khalid,1
CL1002,Programming Fundamentals - Lab,BCS-1H,Computer Science,Muhammad Umair Khalid,1
CL1002,Programming Fundamentals - Lab,BCY-1A,Cyber Security,Khubab Ahmed,1
CL1002,Programming Fundamentals - Lab,BCY-1B,Cyber Security,Khubab Ahmed,1
CL1002,Programming Fundamentals - Lab,BCY-1C,Cyber Security,Khubab Ahmed,1
CL1002,Programming Fundamentals - Lab,BCY-1D,Cyber Security,No Teacher Assigned,1
CL1002,Programming Fundamentals - Lab,BDS-1A,Data Science,Mubrra Asma,1
CL1002,Programming Fundamentals - Lab,BDS-1B,Data Science,Umaima Aman,1
CL1002,Programming Fundamentals - Lab,BDS-1C,Data Science,Mubrra Asma,1
CL1002,Programming Fundamentals - Lab,BSE-1A,Software Engineering,Muhammad Muneeb Baig,1
CL1002,Programming Fundamentals - Lab,BSE-1B,Software Engineering,Arige Anjum,1
CL1002,Programming Fundamentals - Lab,BSE-1C,Software Engineering,Muhammad Muneeb Baig,1
CL1002,Programming Fundamentals - Lab,BSE-1D,Software Engineering,Arige Anjum,1
CL1002,Programming Fundamentals - Lab,BSE-1E,Software Engineering,No Teacher Assigned,1
CL1002,Programming Fundamentals - Lab,BSE-1F,Software Engineering,No Teacher Assigned,1
AI2001,Programming for AI,BAI-3A,Artificial Intelligence,Mariam bint Imran,3
AI2001,Programming for AI,BAI-3B,Artificial Intelligence,Mariam bint Imran,3
AI2001,Programming for AI,BAI-3C,Artificial Intelligence,Mariam bint Imran,3
AI2003,Programming for AI,MCI-1A,Computational Intelligence,Umarah Qaseem,3
AL2001,Programming for AI - Lab,BAI-3A,Artificial Intelligence,Ali Hamza,1
AL2001,Programming for AI - Lab,BAI-3B,Artificial Intelligence,Ali Hamza,1
AL2001,Programming for AI - Lab,BAI-3C,Artificial Intelligence,Ali Hamza,1
CS5146,Programming for Digital Health Application,MHS-1A,Health Sciences,Bushra Mehmood,3
CS6018,Recent Advances in Deep Learning,PCS-1A,Computer Science,Shahela Saif,3
CS5001,Research Methodology,MAI-1A,Artificial Intelligence,Noshina Tariq,3
CS5001,Research Methodology,MAI-1B,Artificial Intelligence,Qurat ul Ain,3
CS5001,Research Methodology,MCS-1A,Computer Science,Akhtar Jamil,3
CS5001,Research Methodology,MCY-1A,Cyber Security,Nigar Azhar Butt,3
CS5001,Research Methodology,MDS-1A,Data Science,Noshina Tariq,3
CS5001,Research Methodology,MSE-1A,Software Engineering,Nigar Azhar Butt,3
CS6053,Research Methodology,PCS-1A,Computer Science,Ijaz Hussain,3
CS6016,Research Topics in Cloud Computing,PCS-1A,Computer Science,Subhan Ullah,3
CS6055,Research Topics in Generative AI,PCS-1A,Computer Science,Akhtar Jamil,3
CY5004,Secure System Design,MCY-1A,Cyber Security,Muhammad Asim,3
CY5003,Securing Cloud Computing,MCY-2A,Cyber Security,Subhan Ullah,3
CY4048,Security Operations and Administration,BCY-7A,Cyber Security,Zafar Iqbal Abbasi,3
CY4048,Security Operations and Administration,BCY-7B,Cyber Security,Zafar Iqbal Abbasi,3
CY4048,Security Operations and Administration,BCY-9A,Cyber Security,Zafar Iqbal Abbasi,3
SE3005,Software Construction and Development,BSE-5A,Software Engineering,Irfan Ullah,3
SE3005,Software Construction and Development,BSE-5B,Software Engineering,Pir Sami Ullah Shah,3
SE3005,Software Construction and Development,BSE-5C,Software Engineering,Pir Sami Ullah Shah,3
SE3001,Software Construction and Development,BSE-9A,Software Engineering,Irfan Ullah,3
SE3001,Software Construction and Development,BSE-9B,Software Engineering,No Teacher Assigned,3
SL3001,Software Construction and Development - Lab,BSE-9A,Software Engineering,Arige Anjum,1
CS3004,Software Design and Analysis,BCS-3A,Computer Science,Ejaz Ahmed,3
CS3004,Software Design and Analysis,BCS-3B,Computer Science,Majid Hussain,3
CS3004,Software Design and Analysis,BCS-3C,Computer Science,Ejaz Ahmed,3
CS3004,Software Design and Analysis,BCS-3D,Computer Science,Furqan Nasir,3
CS3004,Software Design and Analysis,BCS-3E,Computer Science,Majid Hussain,3
CS3004,Software Design and Analysis,BCS-3F,Computer Science,Ejaz Ahmed,3
CS3004,Software Design and Analysis,BCS-3G,Computer Science,Furqan Nasir,3
CS3004,Software Design and Analysis,BCS-3H,Computer Science,Furqan Nasir,3
CS3004,Software Design and Analysis,BCS-3J,Computer Science,Majid Hussain,3
CS3004,Software Design and Analysis,BCS-9G,Computer Science,Furqan Nasir,3
CS6060,Software Process Mining and Intelligence,PCS-1A,Computer Science,Behjat Zuhaira,3
SE3002,Software Quality Engineering,BSE-5A,Software Engineering,Atif Aftab Ahmed Jilani,3
SE3002,Software Quality Engineering,BSE-5B,Software Engineering,Nigar Azhar Butt,3
SE3002,Software Quality Engineering,BSE-5C,Software Engineering,Anum Kaleem,3
SE4001,Software Re-Engineering,BSE-9A,Software Engineering,Mahnoor Ayaz,3
CS4039,Software for Mobile Devices,BCS-7A,Computer Science,Syed Muhammad Saad Salman,3
CS4039,Software for Mobile Devices,BSE-7A,Software Engineering,Junaid Ali Khan,3
CS4039,Software for Mobile Devices,BSE-7B,Software Engineering,Junaid Ali Khan,3
MT2002,Statistical Modelling,BCS-9A,Computer Science,Muhammad Rizwan,3
DS5003,Statistical and Mathematical Methods for DS,MDS-1A,Data Science,Muhammad Rizwan,3
SS2012,Technical and Business Writing,BAI-5A,Artificial Intelligence,Lubna,3
SS2012,Technical and Business Writing,BAI-5B,Artificial Intelligence,Lubna,3
SS2012,Technical and Business Writing,BAI-5C,Artificial Intelligence,Lubna,3
SS2012,Technical and Business Writing,BCS-5A,Computer Science,Zareen Samar,3
SS2012,Technical and Business Writing,BCS-5B,Computer Science,Zareen Samar,3
SS2012,Technical and Business Writing,BCS-5C,Computer Science,Amna Hafeez,3
SS2012,Technical and Business Writing,BCS-5D,Computer Science,Amna Hafeez,3
SS2012,Technical and Business Writing,BCS-5E,Computer Science,Amna Hafeez,3
SS2012,Technical and Business Writing,BCS-5F,Computer Science,Zareen Samar,3
SS2012,Technical and Business Writing,BCS-5G,Computer Science,Amna Hafeez,3
SS2007,Technical and Business Writing,BCS-9A,Computer Science,No Teacher Assigned,3
SS2007,Technical and Business Writing,BCS-9D,Computer Science,No Teacher Assigned,3
SS2012,Technical and Business Writing,BDS-5A,Data Science,Sadia,3
SS2012,Technical and Business Writing,BDS-5B,Data Science,Nimrah Nazim,3
SS2007,Technical and Business Writing,BDS-9A,Data Science,Sadia,3
SS2012,Technical and Business Writing,BSE-5A,Software Engineering,Sadia,3
SS2012,Technical and Business Writing,BSE-5B,Software Engineering,Sadia,3
SS2012,Technical and Business Writing,BSE-5C,Software Engineering,Sadia,3
SS1018,Understanding Holy Quran,BCY-5A,Cyber Security,Mahboobullah,1
SS1019,Understanding Sirat-Un-Nabi (PBUH),BAI-1A,Artificial Intelligence,Muhammad Asim Shiekh,1
SS1019,Understanding Sirat-Un-Nabi (PBUH),BAI-1B,Artificial Intelligence,Muhammad Saqib,1
SS1019,Understanding Sirat-Un-Nabi (PBUH),BAI-1C,Artificial Intelligence,Muhammad Saqib,1
SS1019,Understanding Sirat-Un-Nabi (PBUH),BCS-1A,Computer Science,Ahmed Abdul Rehman,1
SS1019,Understanding Sirat-Un-Nabi (PBUH),BCS-1B,Computer Science,Muhammad Saqib,1
SS1019,Understanding Sirat-Un-Nabi (PBUH),BCS-1C,Computer Science,Dilnawaz Ahmed,1
SS1019,Understanding Sirat-Un-Nabi (PBUH),BCS-1D,Computer Science,Muhammad Asim Shiekh,1
SS1019,Understanding Sirat-Un-Nabi (PBUH),BCS-1E,Computer Science,Muhammad Saqib,1
SS1019,Understanding Sirat-Un-Nabi (PBUH),BCS-1F,Computer Science,Farhad Ali,1
SS1019,Understanding Sirat-Un-Nabi (PBUH),BCS-1G,Computer Science,Ahmad Ali Khan,1
SS1019,Understanding Sirat-Un-Nabi (PBUH),BCS-1H,Computer Science,Ahmed Abdul Rehman,1
SS1019,Understanding Sirat-Un-Nabi (PBUH),BCS-3A,Computer Science,No Teacher Assigned,1
SS1019,Understanding Sirat-Un-Nabi (PBUH),BCS-3B,Computer Science,No Teacher Assigned,1
SS1019,Understanding Sirat-Un-Nabi (PBUH),BCS-3C,Computer Science,Ahmad Ali Khan,1
SS1019,Understanding Sirat-Un-Nabi (PBUH),BCS-3D,Computer Science,No Teacher Assigned,1
SS1019,Understanding Sirat-Un-Nabi (PBUH),BCS-3E,Computer Science,Ahmad Ali Khan,1
SS1019,Understanding Sirat-Un-Nabi (PBUH),BCS-3F,Computer Science,Ahmad Ali Khan,1
SS1019,Understanding Sirat-Un-Nabi (PBUH),BCS-3G,Computer Science,Muhammad Asim Shiekh,1
SS1019,Understanding Sirat-Un-Nabi (PBUH),BCS-3H,Computer Science,No Teacher Assigned,1
SS1019,Understanding Sirat-Un-Nabi (PBUH),BCS-3J,Computer Science,Muhammad Saqib,1
SS1019,Understanding Sirat-Un-Nabi (PBUH),BDS-1A,Data Science,Dilnawaz Ahmed,1
SS1019,Understanding Sirat-Un-Nabi (PBUH),BDS-1B,Data Science,Ahmad Ali Khan,1
SS1019,Understanding Sirat-Un-Nabi (PBUH),BDS-1C,Data Science,Dilnawaz Ahmed,1
SS1019,Understanding Sirat-Un-Nabi (PBUH),BDS-3A,Data Science,No Teacher Assigned,1
SS1019,Understanding Sirat-Un-Nabi (PBUH),BDS-3B,Data Science,Ahmad Ali Khan,1
SS1021,Understanding of Holy Quran I/Ethics I,BCS-3A,Computer Science,Yahya Maqsood,1
SS1021,Understanding of Holy Quran I/Ethics I,BCS-3B,Computer Science,Faisal Ur Rehman,1
SS1021,Understanding of Holy Quran I/Ethics I,BCS-3C,Computer Science,Mahboobullah,1
SS1021,Understanding of Holy Quran I/Ethics I,BCS-3D,Computer Science,Muhammad Ibrahim,1
SS1021,Understanding of Holy Quran I/Ethics I,BCS-3E,Computer Science,Muhammad Ibrahim,1
SS1021,Understanding of Holy Quran I/Ethics I,BCS-3F,Computer Science,Muhammad Ibrahim,1
SS1021,Understanding of Holy Quran I/Ethics I,BCS-3G,Computer Science,Mahboobullah,1
SS1021,Understanding of Holy Quran I/Ethics I,BCS-3H,Computer Science,Dilnawaz Ahmed,1
SS1021,Understanding of Holy Quran I/Ethics I,BCS-3J,Computer Science,Muhammad Ibrahim,1
SS1021,Understanding of Holy Quran I/Ethics I,BDS-3A,Data Science,Dilnawaz Ahmed,1
SS1021,Understanding of Holy Quran I/Ethics I,BDS-3B,Data Science,Muhammad Ajmal Farooq,1
SS1021,Understanding of Holy Quran I/Ethics I,MAI-3A,Artificial Intelligence,No Teacher Assigned,1
SS5014,Understanding of Holy Quran I/Ethics I,MCS-2A,Computer Science,Muhammad Munir,1
SS5014,Understanding of Holy Quran I/Ethics I,MCS-3A,Computer Science,No Teacher Assigned (EE),1
SS5014,Understanding of Holy Quran I/Ethics I,MCY-3A,Cyber Security,Muhammad Munir,1
SS6007,Understanding of Holy Quran I/Ethics I,PCS-1A,Computer Science,Muhammad Tayyeb Nadeem,1
SS1021,Understanding of Holy Quran I/Ethics I,PCS-1A,Computer Science,Muhammad Tayyeb Nadeem,1
SS6007,Understanding of Holy Quran I/Ethics I,PSE-1A,Software Engineering,Muhammad Tayyeb Nadeem,1
SS1022,Understanding of Holy Quran II/Ethics II,BAI-3A,Artificial Intelligence,Muhammad Ibrahim,1
SS1022,Understanding of Holy Quran II/Ethics II,BAI-3B,Artificial Intelligence,Ahmed Abdul Rehman,1
SS1022,Understanding of Holy Quran II/Ethics II,BAI-3C,Artificial Intelligence,Muhammad Ibrahim,1
SS1022,Understanding of Holy Quran II/Ethics II,BCS-3A,Computer Science,Yahya Maqsood,1
SS1022,Understanding of Holy Quran II/Ethics II,BCS-3B,Computer Science,Faisal Ur Rehman,1
SS1022,Understanding of Holy Quran II/Ethics II,BCS-3C,Computer Science,Mahboobullah,1
SS1022,Understanding of Holy Quran II/Ethics II,BCS-3D,Computer Science,Muhammad Ibrahim,1
SS1022,Understanding of Holy Quran II/Ethics II,BCS-3E,Computer Science,Muhammad Ibrahim,1
SS1022,Understanding of Holy Quran II/Ethics II,BCS-3F,Computer Science,Muhammad Ibrahim,1
SS1022,Understanding of Holy Quran II/Ethics II,BCS-3G,Computer Science,Mahboobullah,1
SS1022,Understanding of Holy Quran II/Ethics II,BCS-3H,Computer Science,Dilnawaz Ahmed,1
SS1022,Understanding of Holy Quran II/Ethics II,BCS-3J,Computer Science,Muhammad Ibrahim,1
SS1022,Understanding of Holy Quran II/Ethics II,BCY-3A,Cyber Security,Ahmed Abdul Rehman,1
SS1022,Understanding of Holy Quran II/Ethics II,BCY-3B,Cyber Security,Ahmed Abdul Rehman,1
SS1022,Understanding of Holy Quran II/Ethics II,BCY-3C,Cyber Security,Ahmed Abdul Rehman,1
SS1022,Understanding of Holy Quran II/Ethics II,BDS-3A,Data Science,Dilnawaz Ahmed,1
SS1022,Understanding of Holy Quran II/Ethics II,BDS-3B,Data Science,Muhammad Ajmal Farooq,1
SS1022,Understanding of Holy Quran II/Ethics II,BSE-3A,Software Engineering,Ahmed Abdul Rehman,1
SS1022,Understanding of Holy Quran II/Ethics II,BSE-3B,Software Engineering,Muhammad Asim Shiekh,1
SS1022,Understanding of Holy Quran II/Ethics II,BSE-3C,Software Engineering,Ahmed Abdul Rehman,1
SS1022,Understanding of Holy Quran II/Ethics II,BSE-3D,Software Engineering,Ahmed Abdul Rehman,1
SS5016,Understanding of Holy Quran II/Ethics II,MAI-3A,Artificial Intelligence,No Teacher Assigned (EE),1
SS5016,Understanding of Holy Quran II/Ethics II,MCS-2A,Computer Science,Muhammad Munir,1
SS5016,Understanding of Holy Quran II/Ethics II,MCS-3A,Computer Science,No Teacher Assigned (EE),1
SS5016,Understanding of Holy Quran II/Ethics II,MCY-3A,Cyber Security,Muhammad Munir,1
SS6008,Understanding of Holy Quran II/Ethics II,PCS-1A,Computer Science,Muhammad Tayyeb Nadeem,1
SS1022,Understanding of Holy Quran II/Ethics II,PCS-1B,Computer Science,Muhammad Tayyeb Nadeem,1
SS6008,Understanding of Holy Quran II/Ethics II,PSE-1A,Software Engineering,Muhammad Tayyeb Nadeem,1
CS6062,Vision-Based AI Agent,PCS-1A,Computer Science,Tajwar Mehmood,3
CY3002,Vulnerability Assessment and Reverse Engg,BCY-9A,Cyber Security,Zafar Iqbal Abbasi,3
YL3002,Vulnerability Assessment and Reverse Engg - Lab,BCY-9A,Cyber Security,Khubab Ahmed,1
CS4032,Web Programming,BCY-5A,Cyber Security,Irfan Ullah,3
CS4032,Web Programming,BCY-5B,Cyber Security,Irfan Ullah,3
CS4032,Web Programming,BCY-5C,Cyber Security,Arslan Aslam,3
