Course Section ID,Course Code,Course Title,Section,Department,Credit Hours,Instructor
"CS-1002 CS-A","CS-1002","Programming Fundamentals","CS-A","Computer Science",3,"FAST Faculty"
"MT1003 BCS-1A","MT1003","Calculus and Analytical Geometry","BCS-1A","Sciences & Humanities",3,"FAST Faculty"
"SS1013 BCS-1A","SS1013","Ideology and Constitution of Pakistan","BCS-1A","Sciences & Humanities",3,"FAST Faculty"
"CS6062 PCS-1A","CS6062","Vision-Based AI Agent","PCS-1A","Computer Science",3,"FAST Faculty"
"MT1003 BCS-1B","MT1003","Calculus and Analytical Geometry","BCS-1B","Sciences & Humanities",3,"FAST Faculty"
"CS-1002 CS-B","CS-1002","Programming Fundamentals","CS-B","Computer Science",3,"FAST Faculty"
"SS1007 BCS-1B","SS1007","Islamic Studies/Ethics","BCS-1B","Sciences & Humanities",3,"FAST Faculty"
"CS5037 MCS-2A","CS5037","Data Visualization","MCS-2A","Computer Science",3,"FAST Faculty"
"CS5009 MCS-1A","CS5009","Advanced Operating Systems","MCS-1A","Computer Science",3,"FAST Faculty"
"MT1003 BCS-1C","MT1003","Calculus and Analytical Geometry","BCS-1C","Sciences & Humanities",3,"FAST Faculty"
"CS-1002 CS-C","CS-1002","Programming Fundamentals","CS-C","Computer Science",3,"FAST Faculty"
"SS1013 BCS-1C","SS1013","Ideology and Constitution of Pakistan","BCS-1C","Sciences & Humanities",3,"FAST Faculty"
"CY5004 MCY-1A","CY5004","Secure System Design","MCY-1A","Cyber Security",3,"FAST Faculty"
"CY5005 MCY-1A","CY5005","Applied Information Security","MCY-1A","Cyber Security",3,"FAST Faculty"
"CS-1002 CS-D","CS-1002","Programming Fundamentals","CS-D","Computer Science",3,"FAST Faculty"
"MT1003 BCS-1D","MT1003","Calculus and Analytical Geometry","BCS-1D","Sciences & Humanities",3,"FAST Faculty"
"SS1019 BCS-1F","SS1019","Understanding Sirat-Un-Nabi (PBUH)","BCS-1F","Sciences & Humanities",3,"FAST Faculty"
"SS1007 BCS-1D","SS1007","Islamic Studies/Ethics","BCS-1D","Sciences & Humanities",3,"FAST Faculty"
"RESERVED A","RESERVED","Reserved for Adv Comp Vision","A","Computer Science",3,"FAST Faculty"
"SS1012 BCS-1G","SS1012","Functional English","BCS-1G","Sciences & Humanities",3,"FAST Faculty"
"SS1019 BCS-3J","SS1019","Understanding Sirat-Un-Nabi (PBUH)","BCS-3J","Sciences & Humanities",3,"FAST Faculty"
"EE1005 BCS-3J","EE1005","Digital Logic Design","BCS-3J","Electrical Engineering",3,"FAST Faculty"
"SS1012 BCS-1F","SS1012","Functional English","BCS-1F","Sciences & Humanities",3,"FAST Faculty"
"CS5031 MAI-3A","CS5031","Applied Computer Vision","MAI-3A","Artificial Intelligence",3,"FAST Faculty"
"CS5020 MAI-3A","CS5020","Agentic AI","MAI-3A","Artificial Intelligence",3,"FAST Faculty"
"CS2001 BCS-3A","CS2001","Data Structures","BCS-3A","Computer Science",3,"FAST Faculty"
"CS3004 BCS-3A","CS3004","Software Design and Analysis","BCS-3A","Computer Science",3,"FAST Faculty"
"CS2001 BCS-3C","CS2001","Data Structures","BCS-3C","Computer Science",3,"FAST Faculty"
"EE1005 BCS-3A","EE1005","Digital Logic Design","BCS-3A","Electrical Engineering",3,"FAST Faculty"
"CS5020 MDS-3A","CS5020","Agentic AI","MDS-3A","Data Science",3,"FAST Faculty"
"AI5004 MDS-3A","AI5004","Advanced Topics in Generative AI","MDS-3A","Artificial Intelligence",3,"FAST Faculty"
"CS2001 BCS-3B","CS2001","Data Structures","BCS-3B","Computer Science",3,"FAST Faculty"
"MT1004 BCS-3D","MT1004","Linear Algebra","BCS-3D","Sciences & Humanities",3,"FAST Faculty"
"CS3004 BCS-3B","CS3004","Software Design and Analysis","BCS-3B","Computer Science",3,"FAST Faculty"
"CS1004 BCS-3A","CS1004","Object Oriented Programming","BCS-3A","Computer Science",3,"FAST Faculty"
"CS1004 BCS-3B","CS1004","Object Oriented Programming","BCS-3B","Computer Science",3,"FAST Faculty"
"CS4002 MAI-1A","CS4002","Applied Programming","MAI-1A","Artificial Intelligence",3,"FAST Faculty"
"DS5002 MDS-1A","DS5002","Data Science Tools and Techniques","MDS-1A","Data Science",3,"FAST Faculty"
"CS3004 BCS-3C","CS3004","Software Design and Analysis","BCS-3C","Computer Science",3,"FAST Faculty"
"CS2001 BCS-3E","CS2001","Data Structures","BCS-3E","Computer Science",3,"FAST Faculty"
"CS3004 BCS-3E","CS3004","Software Design and Analysis","BCS-3E","Computer Science",3,"FAST Faculty"
"MT1004 BCS-3C","MT1004","Linear Algebra","BCS-3C","Sciences & Humanities",3,"FAST Faculty"
"MT1003 BCS-3Z","MT1003","Calculus and Analytical Geometry","BCS-3Z","Sciences & Humanities",3,"FAST Faculty"
"CS1005 BCS-3A","CS1005","Discrete Structures","BCS-3A","Computer Science",3,"FAST Faculty"
"AI2003 MCI-1A","AI2003","Programming for AI","MCI-1A","Artificial Intelligence",3,"FAST Faculty"
"CS2015 MCI-1A","CS2015","Data Structures and Algorithms","MCI-1A","Computer Science",3,"FAST Faculty"
"CS2001 BCS-3D","CS2001","Data Structures","BCS-3D","Computer Science",3,"FAST Faculty"
"MT1004 BCS-3F","MT1004","Linear Algebra","BCS-3F","Sciences & Humanities",3,"FAST Faculty"
"CS3004 BCS-3D","CS3004","Software Design and Analysis","BCS-3D","Computer Science",3,"FAST Faculty"
"EE1005 BCS-3E","EE1005","Digital Logic Design","BCS-3E","Electrical Engineering",3,"FAST Faculty"
"SS1022 BCS-3F","SS1022","Understanding of Holy Quran I/Ethics I","BCS-3F","Sciences & Humanities",3,"FAST Faculty"
" A","","","A","Computer Science",3,"FAST Faculty"
"MT1004 BCS-3B","MT1004","Linear Algebra","BCS-3B","Sciences & Humanities",3,"FAST Faculty"
"MT1004 BCS-3G","MT1004","Linear Algebra","BCS-3G","Sciences & Humanities",3,"FAST Faculty"
"SS1022 BCS-3G","SS1022","Understanding of Holy Quran I/Ethics I","BCS-3G","Sciences & Humanities",3,"FAST Faculty"
"SE5032 MSE-2A","SE5032","Empirical Software Engineering","MSE-2A","Software Engineering",3,"FAST Faculty"
"SE5008 MSE-2A","SE5008","Engineering AI based Software","MSE-2A","Software Engineering",3,"FAST Faculty"
"EE1005 BCS-3H","EE1005","Digital Logic Design","BCS-3H","Electrical Engineering",3,"FAST Faculty"
"SS1019 BCS-3H","SS1019","Understanding Sirat-Un-Nabi (PBUH)","BCS-3H","Sciences & Humanities",3,"FAST Faculty"
"EE3009 BCS-5A","EE3009","Computer Architecture","BCS-5A","Electrical Engineering",3,"FAST Faculty"
"CS3014 BCS-5A","CS3014","Applied Human Computer Interaction","BCS-5A","Computer Science",3,"FAST Faculty"
"CS3001 BCS-5A","CS3001","Computer Networks","BCS-5A","Computer Science",3,"FAST Faculty"
"EE2003 BCS-5A","EE2003","Computer Organization and Assembly Language","BCS-5A","Electrical Engineering",3,"FAST Faculty"
"EE2003 BCS-5B","EE2003","Computer Organization and Assembly Language","BCS-5B","Electrical Engineering",3,"FAST Faculty"
"AI5002 MAI-1A","AI5002","Mathematical Foundations of AI","MAI-1A","Artificial Intelligence",3,"FAST Faculty"
"AI5002 MAI-1B","AI5002","Mathematical Foundations of AI","MAI-1B","Artificial Intelligence",3,"FAST Faculty"
"EE3009 BCS-5B","EE3009","Computer Architecture","BCS-5B","Electrical Engineering",3,"FAST Faculty"
"CS3014 BCS-5B","CS3014","Applied Human Computer Interaction","BCS-5B","Computer Science",3,"FAST Faculty"
"CS3001 BCS-5B","CS3001","Computer Networks","BCS-5B","Computer Science",3,"FAST Faculty"
"CS6018 PCS-1A","CS6018","Recent Advances in Deep Learning","PCS-1A","Computer Science",3,"FAST Faculty"
"SE6002 PSE-1A","SE6002","Advanced Empirical Software Engineering","PSE-1A","Software Engineering",3,"FAST Faculty"
"CS6006 PCS-1A","CS6006","Cyber and Network Security","PCS-1A","Computer Science",3,"FAST Faculty"
"CS3001 BCS-5D","CS3001","Computer Networks","BCS-5D","Computer Science",3,"FAST Faculty"
"CS3001 BCS-5C","CS3001","Computer Networks","BCS-5C","Computer Science",3,"FAST Faculty"
"EE3009 BCS-5C","EE3009","Computer Architecture","BCS-5C","Electrical Engineering",3,"FAST Faculty"
"CS3014 BCS-5C","CS3014","Applied Human Computer Interaction","BCS-5C","Computer Science",3,"FAST Faculty"
"SS2012 BCS-5F","SS2012","Technical and Business Writing","BCS-5F","Sciences & Humanities",3,"FAST Faculty"
"CS2009 BCS-5F","CS2009","Design and Analysis of Algorithms","BCS-5F","Computer Science",3,"FAST Faculty"
"SS2012 BCS-5G","SS2012","Technical and Business Writing","BCS-5G","Sciences & Humanities",3,"FAST Faculty"
"EE3009 BCS-5D","EE3009","Computer Architecture","BCS-5D","Electrical Engineering",3,"FAST Faculty"
"CS2009 BCS-5E","CS2009","Design and Analysis of Algorithms","BCS-5E","Computer Science",3,"FAST Faculty"
"SS2012 BCS-5E","SS2012","Technical and Business Writing","BCS-5E","Sciences & Humanities",3,"FAST Faculty"
"CS3014 BCS-5D","CS3014","Applied Human Computer Interaction","BCS-5D","Computer Science",3,"FAST Faculty"
"CS2009 BCS-5G","CS2009","Design and Analysis of Algorithms","BCS-5G","Computer Science",3,"FAST Faculty"
"AI2002 BSE-5A","AI2002","Artificial Intelligence","BSE-5A","Artificial Intelligence",3,"FAST Faculty"
"AI2002 BSE-5B","AI2002","Artificial Intelligence","BSE-5B","Artificial Intelligence",3,"FAST Faculty"
"CS2009 BSE-5B","CS2009","Design and Analysis of Algorithms","BSE-5B","Software Engineering",3,"FAST Faculty"
"SS2012 BSE-5C","SS2012","Technical and Business Writing","BSE-5C","Software Engineering",3,"FAST Faculty"
"SE3002 BSE-5C","SE3002","Software Quality Engineering","BSE-5C","Software Engineering",3,"FAST Faculty"
"CS2009 BSE-5A","CS2009","Design and Analysis of Algorithms","BSE-5A","Software Engineering",3,"FAST Faculty"
"SS1012 BSE-1A","SS1012","Functional English","BSE-1A","Software Engineering",3,"FAST Faculty"
"NS1001 BSE-1B","NS1001","Applied Physics","BSE-1B","Software Engineering",3,"FAST Faculty"
"NS1001 BSE-1A","NS1001","Applied Physics","BSE-1A","Software Engineering",3,"FAST Faculty"
"SS1015 BSE-3C","SS1015","Pakistan Studies","BSE-3C","Software Engineering",3,"FAST Faculty"
"CS-1002 SE-A","CS-1002","Programming Fundamentals","SE-A","Computer Science",3,"FAST Faculty"
"CS-1002 SE-B","CS-1002","Programming Fundamentals","SE-B","Computer Science",3,"FAST Faculty"
"MT1003 BSE-1C","MT1003","Calculus and Analytical Geometry","BSE-1C","Software Engineering",3,"FAST Faculty"
"MT1003 BSE-1D","MT1003","Calculus and Analytical Geometry","BSE-1D","Software Engineering",3,"FAST Faculty"
"CS2001 BSE-3A","CS2001","Data Structures","BSE-3A","Software Engineering",3,"FAST Faculty"
"CS2001 BSE-3B","CS2001","Data Structures","BSE-3B","Software Engineering",3,"FAST Faculty"
"SE1001 BSE-3A","SE1001","Introduction to Software Engineering","BSE-3A","Software Engineering",3,"FAST Faculty"
"EE2003 BSE-3A","EE2003","Computer Organization and Assembly Language","BSE-3A","Software Engineering",3,"FAST Faculty"
"EE2003 BSE-3B","EE2003","Computer Organization and Assembly Language","BSE-3B","Software Engineering",3,"FAST Faculty"
"CS1004 BSE-3A","CS1004","Object Oriented Programming","BSE-3A","Software Engineering",3,"FAST Faculty"
"SE3005 BSE-5B","SE3005","Software Construction and Development","BSE-5B","Software Engineering",3,"FAST Faculty"
"MT1004 BSE-3C","MT1004","Linear Algebra","BSE-3C","Software Engineering",3,"FAST Faculty"
"SE4001 BSE-9A","SE4001","Software Re-Engineering","BSE-9A","Software Engineering",3,"FAST Faculty"
"ARTSH SE-B","ARTSH","Arts & Humanities","SE-B","Computer Science",3,"FAST Faculty"
"CS-1002 SE-F","CS-1002","Programming Fundamentals","SE-F","Computer Science",3,"FAST Faculty"
"MT1004 BSE-3D","MT1004","Linear Algebra","BSE-3D","Software Engineering",3,"FAST Faculty"
"SS1022 BSE-3D","SS1022","Understanding of Holy Quran II/Ethics II","BSE-3D","Software Engineering",3,"FAST Faculty"
"CS3002 BSE-7A","CS3002","Information Security","BSE-7A","Software Engineering",3,"FAST Faculty"
"SE3005 BSE-5A","SE3005","Software Construction and Development","BSE-5A","Software Engineering",3,"FAST Faculty"
"CS3002 BSE-7B","CS3002","Information Security","BSE-7B","Software Engineering",3,"FAST Faculty"
"CS3006 BSE-7B","CS3006","Parallel and Distributed Computing","BSE-7B","Software Engineering",3,"FAST Faculty"
"SE1001 BSE-3B","SE1001","Introduction to Software Engineering","BSE-3B","Software Engineering",3,"FAST Faculty"
"MT1003 BAI-1A","MT1003","Calculus and Analytical Geometry","BAI-1A","Artificial Intelligence",3,"FAST Faculty"
"CS-1002 AI-A","CS-1002","Programming Fundamentals","AI-A","Computer Science",3,"FAST Faculty"
"SS1013 BAI-1A","SS1013","Ideology and Constitution of Pakistan","BAI-1A","Artificial Intelligence",3,"FAST Faculty"
"CS4049 BCY-7A","CS4049","Blockchain and Cryptocurrency","BCY-7A","Cyber Security",3,"FAST Faculty"
"CS4049 BCY-7B","CS4049","Blockchain and Cryptocurrency","BCY-7B","Cyber Security",3,"FAST Faculty"
"CS4001 BSE-9A","CS4001","Professional Practices in IT","BSE-9A","Software Engineering",3,"FAST Faculty"
"EE2003 BAI-3A","EE2003","Computer Organization and Assembly Language","BAI-3A","Artificial Intelligence",3,"FAST Faculty"
"CS2001 BAI-3A","CS2001","Data Structures","BAI-3A","Artificial Intelligence",3,"FAST Faculty"
"MT1004 BAI-3C","MT1004","Linear Algebra","BAI-3C","Artificial Intelligence",3,"FAST Faculty"
"CS2001 BAI-3B","CS2001","Data Structures","BAI-3B","Artificial Intelligence",3,"FAST Faculty"
"CS1004 BAI-3A","CS1004","Object Oriented Programming","BAI-3A","Artificial Intelligence",3,"FAST Faculty"
"EE2003 BAI-3B","EE2003","Computer Organization and Assembly Language","BAI-3B","Artificial Intelligence",3,"FAST Faculty"
"AI2001 BAI-3B","AI2001","Programming for AI","BAI-3B","Artificial Intelligence",3,"FAST Faculty"
"CS6039 PCS-1A","CS6039","Advanced Computer Vision","PCS-1A","Computer Science",3,"FAST Faculty"
"AI3001 BAI-5A","AI3001","Knowledge Representation and Reasoning","BAI-5A","Artificial Intelligence",3,"FAST Faculty"
"CS2009 BAI-5A","CS2009","Design and Analysis of Algorithms","BAI-5A","Artificial Intelligence",3,"FAST Faculty"
"CS3001 BAI-5A","CS3001","Computer Networks","BAI-5A","Artificial Intelligence",3,"FAST Faculty"
"CS2009 BAI-5B","CS2009","Design and Analysis of Algorithms","BAI-5B","Artificial Intelligence",3,"FAST Faculty"
"SS2012 BAI-5B","SS2012","Technical and Business Writing","BAI-5B","Artificial Intelligence",3,"FAST Faculty"
"CS2009 BAI-5C","CS2009","Design and Analysis of Algorithms","BAI-5C","Artificial Intelligence",3,"FAST Faculty"
"SS2012 BAI-5C","SS2012","Technical and Business Writing","BAI-5C","Artificial Intelligence",3,"FAST Faculty"
"SS1012 BDS-1A","SS1012","Functional English","BDS-1A","Data Science",3,"FAST Faculty"
"AI2001 BAI-3A","AI2001","Programming for AI","BAI-3A","Artificial Intelligence",3,"FAST Faculty"
"MT1004 BDS-3B","MT1004","Linear Algebra","BDS-3B","Data Science",3,"FAST Faculty"
"MT1004 BDS-3A","MT1004","Linear Algebra","BDS-3A","Data Science",3,"FAST Faculty"
"SS1019 BAI-1C","SS1019","Understanding Sirat-Un-Nabi (PBUH)","BAI-1C","Artificial Intelligence",3,"FAST Faculty"
"TUTORIAL A","TUTORIAL","Tutorial Batch 26","A","Computer Science",3,"FAST Faculty"
"FCS A","FCS","FCS","A","Computer Science",3,"FAST Faculty"
"SS2012 BDS-5A","SS2012","Technical and Business Writing","BDS-5A","Data Science",3,"FAST Faculty"
"CS2009 BDS-5A","CS2009","Design and Analysis of Algorithms","BDS-5A","Data Science",3,"FAST Faculty"
"SS1022 BDS-3A","SS1022","Understanding of Holy Quran I/Ethics I","BDS-3A","Data Science",3,"FAST Faculty"
"CS2009 BDS-5B","CS2009","Design and Analysis of Algorithms","BDS-5B","Data Science",3,"FAST Faculty"
"SS2012 BDS-5B","SS2012","Technical and Business Writing","BDS-5B","Data Science",3,"FAST Faculty"
"MG3040 BAI-7A","MG3040","Methods in Business Research","BAI-7A","Artificial Intelligence",3,"FAST Faculty"
"AI4015 BAI-7A","AI4015","Agentic Artificial Intelligence","BAI-7A","Artificial Intelligence",3,"FAST Faculty"
"ISLAMIC DS-B","ISLAMIC","Islamic","DS-B","Computer Science",3,"FAST Faculty"
"AI4013 BAI-7A","AI4013","AI Product Development","BAI-7A","Artificial Intelligence",3,"FAST Faculty"
"AI4015 BAI-7B","AI4015","Agentic Artificial Intelligence","BAI-7B","Artificial Intelligence",3,"FAST Faculty"
"MG3040 BAI-7B","MG3040","Methods in Business Research","BAI-7B","Artificial Intelligence",3,"FAST Faculty"
"CY4054 BAI-7A","CY4054","Blockchain Technologies and Applications","BAI-7A","Artificial Intelligence",3,"FAST Faculty"
"AI4019 BAI-7A","AI4019","Edge Computing and Intelligent Systems","BAI-7A","Artificial Intelligence",3,"FAST Faculty"
"AI4012 BAI-7A","AI4012","Multiagent Systems and Game Theory","BAI-7A","Artificial Intelligence",3,"FAST Faculty"
"AI4019 BDS-9A","AI4019","Edge Computing and Intelligent Systems","BDS-9A","Artificial Intelligence",3,"FAST Faculty"
"AI4019 BAI-9A","AI4019","Edge Computing and Intelligent Systems","BAI-9A","Artificial Intelligence",3,"FAST Faculty"
"CS3001 BDS-7C","CS3001","Computer Networks","BDS-7C","Data Science",3,"FAST Faculty"
"MG3040 BDS-7B","MG3040","Methods in Business Research","BDS-7B","Data Science",3,"FAST Faculty"
"CS4059 BDS-7B","CS4059","Fundamentals of Computer Vision","BDS-7B","Data Science",3,"FAST Faculty"
"CS4059 BDS-7A","CS4059","Fundamentals of Computer Vision","BDS-7A","Data Science",3,"FAST Faculty"
"MG3040 BDS-7A","MG3040","Methods in Business Research","BDS-7A","Data Science",3,"FAST Faculty"
"CS3014 BCS-7A","CS3014","Applied Human Computer Interaction","BCS-7A","Computer Science",3,"FAST Faculty"
"CS3014 BCS-7B","CS3014","Applied Human Computer Interaction","BCS-7B","Computer Science",3,"FAST Faculty"
"CS4044 BCS-7A","CS4044","Fundamentals of Software Project Management","BCS-7A","Computer Science",3,"FAST Faculty"
"CS3014 BCS-7C","CS3014","Applied Human Computer Interaction","BCS-7C","Computer Science",3,"FAST Faculty"
"CS3014 BCS-7D","CS3014","Applied Human Computer Interaction","BCS-7D","Computer Science",3,"FAST Faculty"
"CS4001 BCS-7E","CS4001","Professional Practices in IT","BCS-7E","Computer Science",3,"FAST Faculty"
"CS3002 BCS-7E","CS3002","Information Security","BCS-7E","Computer Science",3,"FAST Faculty"
"AI4015 BCS-7C","AI4015","Agentic Artificial Intelligence","BCS-7C","Artificial Intelligence",3,"FAST Faculty"
"CS3006 BCS-7B","CS3006","Parallel and Distributed Computing","BCS-7B","Computer Science",3,"FAST Faculty"
"CS3006 BCS-7C","CS3006","Parallel and Distributed Computing","BCS-7C","Computer Science",3,"FAST Faculty"
"CS3002 BCS-7F","CS3002","Information Security","BCS-7F","Computer Science",3,"FAST Faculty"
"CS4001 BCS-7F","CS4001","Professional Practices in IT","BCS-7F","Computer Science",3,"FAST Faculty"
"CS4075 BCS-7A","CS4075","Cloud Computing","BCS-7A","Computer Science",3,"FAST Faculty"
"CS4075 BCS-7B","CS4075","Cloud Computing","BCS-7B","Computer Science",3,"FAST Faculty"
"CS4001 BCS-7G","CS4001","Professional Practices in IT","BCS-7G","Computer Science",3,"FAST Faculty"
"CS3002 BCS-7G","CS3002","Information Security","BCS-7G","Computer Science",3,"FAST Faculty"
"CS4045 BCS-7A","CS4045","Deep Learning for Perception","BCS-7A","Computer Science",3,"FAST Faculty"
"CS4095 BCS-7A","CS4095","Embedded Control of Robotics","BCS-7A","Computer Science",3,"FAST Faculty"
"CS2001 BCY-3A","CS2001","Data Structures","BCY-3A","Cyber Security",3,"FAST Faculty"
"EE2003 BCY-3A","EE2003","Computer Organization and Assembly Language","BCY-3A","Cyber Security",3,"FAST Faculty"
"CY2004 BCY-3A","CY2004","Cyber Security","BCY-3A","Cyber Security",3,"FAST Faculty"
"CS2001 BCY-3B","CS2001","Data Structures","BCY-3B","Cyber Security",3,"FAST Faculty"
"EE2003 BCY-3B","EE2003","Computer Organization and Assembly Language","BCY-3B","Cyber Security",3,"FAST Faculty"
"CY2004 BCY-3B","CY2004","Cyber Security","BCY-3B","Cyber Security",3,"FAST Faculty"
"SS1022 BCY-3C","SS1022","Understanding of Holy Quran II/Ethics II","BCY-3C","Cyber Security",3,"FAST Faculty"
"MT1004 BCY-3C","MT1004","Linear Algebra","BCY-3C","Cyber Security",3,"FAST Faculty"
"AI2002 BCY-5C","AI2002","Artificial Intelligence","BCY-5C","Artificial Intelligence",3,"FAST Faculty"
"CS3002 BCY-5C","CS3002","Information Security","BCY-5C","Cyber Security",3,"FAST Faculty"
"CS4032 BCY-5C","CS4032","Web Programming","BCY-5C","Cyber Security",3,"FAST Faculty"
"CS2006 BCY-5C","CS2006","Operating Systems","BCY-5C","Cyber Security",3,"FAST Faculty"
"CY4048 BCY-7A","CY4048","Security Operations and Administration","BCY-7A","Cyber Security",3,"FAST Faculty"
"CY4048 BCY-7B","CY4048","Security Operations and Administration","BCY-7B","Cyber Security",3,"FAST Faculty"
"CS4075 BCY-7B","CS4075","Cloud Computing","BCY-7B","Cyber Security",3,"FAST Faculty"
"CS4075 BCY-7A","CS4075","Cloud Computing","BCY-7A","Cyber Security",3,"FAST Faculty"
"CS4039 BCS-7A","CS4039","Software for Mobile Devices","BCS-7A","Computer Science",3,"FAST Faculty"
"CL1000 BSE-1C","CL1000","Introduction to Information and Communication Technology","BSE-1C","Software Engineering",1,"Lab Instructor"
"CS-1002 CS-G","CS-1002","Programming Fundamentals Lab","CS-G","Computer Science",1,"Lab Instructor"
"CS-1002 SE-C","CS-1002","Programming Fundamentals Lab","SE-C","Computer Science",1,"Lab Instructor"
"CL1000 BCS-1H","CL1000","Introduction to Information and Communication Technology","BCS-1H","Computer Science",1,"Lab Instructor"
"CL1000 BCS-1E","CL1000","Introduction to Information and Communication Technology","BCS-1E","Computer Science",1,"Lab Instructor"
"CL1000 BSE-1D","CL1000","Introduction to Information and Communication Technology","BSE-1D","Software Engineering",1,"Lab Instructor"
"CS-1002 AI-C","CS-1002","Programming Fundamentals Lab","AI-C","Computer Science",1,"Lab Instructor"
"EL2003 BDS-3B","EL2003","Computer Organization and Assembly Language - Lab","BDS-3B","Data Science",1,"Lab Instructor"
"DL3001 BDS-5A","DL3001","Data Analysis and Visualization - Lab","BDS-5A","Data Science",1,"Lab Instructor"
"AL3002 BAI-5C","AL3002","Machine Learning - Lab","BAI-5C","Artificial Intelligence",1,"Lab Instructor"
"DL2001 BDS-3A","DL2001","Introduction to Data Science - Lab","BDS-3A","Data Science",1,"Lab Instructor"
"AL2001 BAI-3C","AL2001","Programming for AI - Lab","BAI-3C","Artificial Intelligence",1,"Lab Instructor"
"CS-1002 CS-F","CS-1002","Programming Fundamentals Lab","CS-F","Computer Science",1,"Lab Instructor"
"CL1000 BDS-1A","CL1000","Introduction to Information and Communication Technology","BDS-1A","Data Science",1,"Lab Instructor"
"CL2001 BCS-3J","CL2001","Data Structures - Lab","BCS-3J","Computer Science",1,"Lab Instructor"
"CS-1002 DS-B","CS-1002","Programming Fundamentals Lab","DS-B","Computer Science",1,"Lab Instructor"
"AL2002 BSE-5C","AL2002","Artificial Intelligence - Lab","BSE-5C","Artificial Intelligence",1,"Lab Instructor"
"CL2001 BDS-3B","CL2001","Data Structures - Lab","BDS-3B","Data Science",1,"Lab Instructor"
"CL2001 BCS-3H","CL2001","Data Structures - Lab","BCS-3H","Computer Science",1,"Lab Instructor"
"EL2003 BSE-3D","EL2003","Computer Organization and Assembly Language - Lab","BSE-3D","Software Engineering",1,"Lab Instructor"
"CL2001 BSE-3C","CL2001","Data Structures - Lab","BSE-3C","Software Engineering",1,"Lab Instructor"
"CL3001 BCS-5E","CL3001","Computer Networks - Lab","BCS-5E","Computer Science",1,"Lab Instructor"
"CL3001 BCS-5F","CL3001","Computer Networks - Lab","BCS-5F","Computer Science",1,"Lab Instructor"
"CL1004 BCS-3C","CL1004","Object Oriented Programming - Lab","BCS-3C","Computer Science",1,"Lab Instructor"
"CL3001 BDS-7A","CL3001","Computer Networks - Lab","BDS-7A","Data Science",1,"Lab Instructor"
"CL3001 BAI-5B","CL3001","Computer Networks - Lab","BAI-5B","Artificial Intelligence",1,"Lab Instructor"
"DL3004 BDS-5B","DL3004","Data Warehousing and Business Intellligence - Lab","BDS-5B","Data Science",1,"Lab Instructor"
"CL2001 BAI-3C","CL2001","Data Structures - Lab","BAI-3C","Artificial Intelligence",1,"Lab Instructor"
"EL2003 BCY-3C","EL2003","Computer Organization and Assembly Language - Lab","BCY-3C","Cyber Security",1,"Lab Instructor"
"PROJECT A","PROJECT","Project (CY)","A","Computer Science",1,"Lab Instructor"
"SL1012 BCS-1E1","SL1012","Functional English - Lab","BCS-1E1","Software Engineering",1,"Lab Instructor"
"SL1012 BCS-1E2","SL1012","Functional English - Lab","BCS-1E2","Software Engineering",1,"Lab Instructor"
"SL1012 BSE-1D1","SL1012","Functional English - Lab","BSE-1D1","Software Engineering",1,"Lab Instructor"
"SL1012 BCS-1H1","SL1012","Functional English - Lab","BCS-1H1","Software Engineering",1,"Lab Instructor"
"SL1012 BAI-1C1","SL1012","Functional English - Lab","BAI-1C1","Artificial Intelligence",1,"Lab Instructor"
"SL1012 BCS-1H2","SL1012","Functional English - Lab","BCS-1H2","Software Engineering",1,"Lab Instructor"
"SL1012 BAI-1C2","SL1012","Functional English - Lab","BAI-1C2","Artificial Intelligence",1,"Lab Instructor"
"SL1012 BSE-1D2","SL1012","Functional English - Lab","BSE-1D2","Software Engineering",1,"Lab Instructor"
"EL1005 BCS-3G","EL1005","Digital Logic Design - Lab","BCS-3G","Electrical Engineering",1,"Lab Instructor"
"EL1005 BCS-3F","EL1005","Digital Logic Design - Lab","BCS-3F","Electrical Engineering",1,"Lab Instructor"
"CS1002 BCS-1F","CS1002","Programming Fundamentals","BCS-1F","Computer Science",3,"FAST Faculty"
"MT1003 BCS-1F","MT1003","Calculus and Analytical Geometry","BCS-1F","Sciences & Humanities",3,"FAST Faculty"
"SS1013 BCS-1F","SS1013","Ideology and Constitution of Pakistan","BCS-1F","Sciences & Humanities",3,"FAST Faculty"
"MT1003 BCS-1G","MT1003","Calculus and Analytical Geometry","BCS-1G","Sciences & Humanities",3,"FAST Faculty"
"CS1002 BCS-1G","CS1002","Programming Fundamentals","BCS-1G","Computer Science",3,"FAST Faculty"
"SS1007 BCS-1G","SS1007","Islamic Studies/Ethics","BCS-1G","Sciences & Humanities",3,"FAST Faculty"
"CY5003 MCY-2A","CY5003","Securing Cloud Computing","MCY-2A","Cyber Security",3,"FAST Faculty"
"SS1013 BCS-1H","SS1013","Ideology and Constitution of Pakistan","BCS-1H","Sciences & Humanities",3,"FAST Faculty"
"CS1002 BCS-1H","CS1002","Programming Fundamentals","BCS-1H","Computer Science",3,"FAST Faculty"
"MT1003 BCS-1H","MT1003","Calculus and Analytical Geometry","BCS-1H","Sciences & Humanities",3,"FAST Faculty"
"SS1007 BCS-1E","SS1007","Islamic Studies/Ethics","BCS-1E","Sciences & Humanities",3,"FAST Faculty"
"MT1003 BCS-1E","MT1003","Calculus and Analytical Geometry","BCS-1E","Sciences & Humanities",3,"FAST Faculty"
"CS1002 BCS-1E","CS1002","Programming Fundamentals","BCS-1E","Computer Science",3,"FAST Faculty"
"SS1019 BCS-1B","SS1019","Understanding Sirat-Un-Nabi (PBUH)","BCS-1B","Sciences & Humanities",3,"FAST Faculty"
"AI5001 MAI-1B","AI5001","Advanced Artificial Intelligence","MAI-1B","Artificial Intelligence",3,"FAST Faculty"
"SS1012 BCS-1B","SS1012","Functional English","BCS-1B","Sciences & Humanities",3,"FAST Faculty"
"CS2001 BCS-3F","CS2001","Data Structures","BCS-3F","Computer Science",3,"FAST Faculty"
"EE1005 BCS-3F","EE1005","Digital Logic Design","BCS-3F","Electrical Engineering",3,"FAST Faculty"
"CS5005 MCS-1A","CS5005","Advanced Analysis of Algorithms","MCS-1A","Computer Science",3,"FAST Faculty"
"CS3004 BCS-3F","CS3004","Software Design and Analysis","BCS-3F","Computer Science",3,"FAST Faculty"
"CS2006 BCY-5A","CS2006","Operating Systems","BCY-5A","Cyber Security",3,"FAST Faculty"
"CS2006 BDS-5A","CS2006","Operating Systems","BDS-5A","Data Science",3,"FAST Faculty"
"CS1004 BCS-3C","CS1004","Object Oriented Programming","BCS-3C","Computer Science",3,"FAST Faculty"
"CS1004 BCS-3D","CS1004","Object Oriented Programming","BCS-3D","Computer Science",3,"FAST Faculty"
"DS5007 MDS-1A","DS5007","Natural Language Processing","MDS-1A","Data Science",3,"FAST Faculty"
"DS5003 MDS-1A","DS5003","Statistical and Mathematical Methods for DS","MDS-1A","Data Science",3,"FAST Faculty"
"EE1005 BCS-3G","EE1005","Digital Logic Design","BCS-3G","Electrical Engineering",3,"FAST Faculty"
"CS2001 BCS-3G","CS2001","Data Structures","BCS-3G","Computer Science",3,"FAST Faculty"
"MT1004 BCS-3E","MT1004","Linear Algebra","BCS-3E","Sciences & Humanities",3,"FAST Faculty"
"CS3004 BCS-3G","CS3004","Software Design and Analysis","BCS-3G","Computer Science",3,"FAST Faculty"
"CS1005 BCS-3B","CS1005","Discrete Structures","BCS-3B","Computer Science",3,"FAST Faculty"
"CS3004 BCS-3H","CS3004","Software Design and Analysis","BCS-3H","Computer Science",3,"FAST Faculty"
"CS2001 BCS-3H","CS2001","Data Structures","BCS-3H","Computer Science",3,"FAST Faculty"
"MT1004 BCS-3H","MT1004","Linear Algebra","BCS-3H","Sciences & Humanities",3,"FAST Faculty"
"CS5146 MAAIHS-1A","CS5146","Programming for Digital Health Application","MAAIHS-1A","Computer Science",3,"FAST Faculty"
"CS5147 MAAIHS-1A","CS5147","Foundation of Health Information Systems","MAAIHS-1A","Computer Science",3,"FAST Faculty"
"CS2001 BCS-3J","CS2001","Data Structures","BCS-3J","Computer Science",3,"FAST Faculty"
"EE1005 BCS-3C","EE1005","Digital Logic Design","BCS-3C","Electrical Engineering",3,"FAST Faculty"
"MT1004 BCS-3J","MT1004","Linear Algebra","BCS-3J","Sciences & Humanities",3,"FAST Faculty"
"CS3004 BCS-3J","CS3004","Software Design and Analysis","BCS-3J","Computer Science",3,"FAST Faculty"
"CS5001 MDS-1A","CS5001","Research Methodology","MDS-1A","Data Science",3,"FAST Faculty"
"CS5001 MAI-1A","CS5001","Research Methodology","MAI-1A","Artificial Intelligence",3,"FAST Faculty"
"SS1019 BCS-3B","SS1019","Understanding Sirat-Un-Nabi (PBUH)","BCS-3B","Sciences & Humanities",3,"FAST Faculty"
"EE1005 BCS-3B","EE1005","Digital Logic Design","BCS-3B","Electrical Engineering",3,"FAST Faculty"
"MT1004 BCS-3A","MT1004","Linear Algebra","BCS-3A","Sciences & Humanities",3,"FAST Faculty"
"SS1021 BCS-3A","SS1021","Understanding of Holy Quran I/Ethics I","BCS-3A","Sciences & Humanities",3,"FAST Faculty"
"SS1022 BCS-3A","SS1022","Understanding of Holy Quran II/Ethics II","BCS-3A","Sciences & Humanities",3,"FAST Faculty"
"SE5002 MSE-1A","SE5002","Advanced Quality Assurance","MSE-1A","Software Engineering",3,"FAST Faculty"
"SE5003 MSE-1A","SE5003","Advanced Software Architecture","MSE-1A","Software Engineering",3,"FAST Faculty"
"SS1022 BCS-3E","SS1022","Understanding of Holy Quran I/Ethics I","BCS-3E","Sciences & Humanities",3,"FAST Faculty"
"SS1019 BCS-3D","SS1019","Understanding Sirat-Un-Nabi (PBUH)","BCS-3D","Sciences & Humanities",3,"FAST Faculty"
"EE1005 BCS-3D","EE1005","Digital Logic Design","BCS-3D","Electrical Engineering",3,"FAST Faculty"
"SS1022 BCS-3C","SS1022","Understanding of Holy Quran I/Ethics I","BCS-3C","Sciences & Humanities",3,"FAST Faculty"
"UHQI PHD-C","UHQI","UHQ-I & II","PHD-C","Computer Science",3,"FAST Faculty"
"CS3001 BCS-5F","CS3001","Computer Networks","BCS-5F","Computer Science",3,"FAST Faculty"
"EE3009 BCS-5F","EE3009","Computer Architecture","BCS-5F","Electrical Engineering",3,"FAST Faculty"
"CS3014 BCS-5E","CS3014","Applied Human Computer Interaction","BCS-5E","Computer Science",3,"FAST Faculty"
"CS6006 PCS-1B","CS6006","Cyber and Network Security","PCS-1B","Computer Science",3,"FAST Faculty"
"CS2009 BCS-5A","CS2009","Design and Analysis of Algorithms","BCS-5A","Computer Science",3,"FAST Faculty"
"SS2012 BCS-5A","SS2012","Technical and Business Writing","BCS-5A","Sciences & Humanities",3,"FAST Faculty"
"CS3014 BCS-5G","CS3014","Applied Human Computer Interaction","BCS-5G","Computer Science",3,"FAST Faculty"
"CS3014 BCS-5F","CS3014","Applied Human Computer Interaction","BCS-5F","Computer Science",3,"FAST Faculty"
"EE3009 BCS-5E","EE3009","Computer Architecture","BCS-5E","Electrical Engineering",3,"FAST Faculty"
"CS3001 BCS-5G","CS3001","Computer Networks","BCS-5G","Computer Science",3,"FAST Faculty"
"CS3001 BCS-5E","CS3001","Computer Networks","BCS-5E","Computer Science",3,"FAST Faculty"
"EE3009 BCS-5G","EE3009","Computer Architecture","BCS-5G","Electrical Engineering",3,"FAST Faculty"
"SE6001 PSE-1A","SE6001","Advanced Topics in Requirements Engineering","PSE-1A","Software Engineering",3,"FAST Faculty"
"SS2012 BCS-5D","SS2012","Technical and Business Writing","BCS-5D","Sciences & Humanities",3,"FAST Faculty"
"CS2009 BCS-5D","CS2009","Design and Analysis of Algorithms","BCS-5D","Computer Science",3,"FAST Faculty"
"CS2009 BCS-5C","CS2009","Design and Analysis of Algorithms","BCS-5C","Computer Science",3,"FAST Faculty"
"SS2012 BCS-5C","SS2012","Technical and Business Writing","BCS-5C","Sciences & Humanities",3,"FAST Faculty"
"SS2012 BCS-5B","SS2012","Technical and Business Writing","BCS-5B","Sciences & Humanities",3,"FAST Faculty"
"CS2009 BCS-5B","CS2009","Design and Analysis of Algorithms","BCS-5B","Computer Science",3,"FAST Faculty"
"CS6035 PCS-1A","CS6035","Advanced Topics in Parallel and Distributed Systems","PCS-1A","Computer Science",3,"FAST Faculty"
"CS2007 BSE-9A","CS2007","Human Computer Interaction","BSE-9A","Software Engineering",3,"FAST Faculty"
"CS4039 BSE-7A","CS4039","Software for Mobile Devices","BSE-7A","Software Engineering",3,"FAST Faculty"
"CS4039 BSE-7B","CS4039","Software for Mobile Devices","BSE-7B","Software Engineering",3,"FAST Faculty"
"CS1002 BSE-1C","CS1002","Programming Fundamentals","BSE-1C","Software Engineering",3,"FAST Faculty"
"NS1001 BSE-1C","NS1001","Applied Physics","BSE-1C","Software Engineering",3,"FAST Faculty"
"MT1003 BSE-1A","MT1003","Calculus and Analytical Geometry","BSE-1A","Software Engineering",3,"FAST Faculty"
"MT1003 BSE-1B","MT1003","Calculus and Analytical Geometry","BSE-1B","Software Engineering",3,"FAST Faculty"
"CS4046 BSE-7A","CS4046","Game Design and Development","BSE-7A","Software Engineering",3,"FAST Faculty"
"NS1001 BSE-1D","NS1001","Applied Physics","BSE-1D","Software Engineering",3,"FAST Faculty"
"SE4033 BSE-7A","SE4033","Formal Methods in Software Engineering","BSE-7A","Software Engineering",3,"FAST Faculty"
"CS1002 BSE-1D","CS1002","Programming Fundamentals","BSE-1D","Software Engineering",3,"FAST Faculty"
"SS1012 BSE-1C","SS1012","Functional English","BSE-1C","Software Engineering",3,"FAST Faculty"
"MT1004 BSE-3B","MT1004","Linear Algebra","BSE-3B","Software Engineering",3,"FAST Faculty"
"SS1022 BSE-3B","SS1022","Understanding of Holy Quran II/Ethics II","BSE-3B","Software Engineering",3,"FAST Faculty"
"SS1015 BSE-3A","SS1015","Pakistan Studies","BSE-3A","Software Engineering",3,"FAST Faculty"
"CS2001 BSE-3D","CS2001","Data Structures","BSE-3D","Software Engineering",3,"FAST Faculty"
"EE2003 BSE-3C","EE2003","Computer Organization and Assembly Language","BSE-3C","Software Engineering",3,"FAST Faculty"
"SE1001 BSE-3C","SE1001","Introduction to Software Engineering","BSE-3C","Software Engineering",3,"FAST Faculty"
"SE3002 BSE-5A","SE3002","Software Quality Engineering","BSE-5A","Software Engineering",3,"FAST Faculty"
"SE3005 BSE-5C","SE3005","Software Construction and Development","BSE-5C","Software Engineering",3,"FAST Faculty"
"CS3006 BSE-7A","CS3006","Parallel and Distributed Computing","BSE-7A","Software Engineering",3,"FAST Faculty"
"EE2003 BSE-3D","EE2003","Computer Organization and Assembly Language","BSE-3D","Software Engineering",3,"FAST Faculty"
"SE1001 BSE-3D","SE1001","Introduction to Software Engineering","BSE-3D","Software Engineering",3,"FAST Faculty"
"SS1013 BSE-1D","SS1013","Ideology and Constitution of Pakistan","BSE-1D","Software Engineering",3,"FAST Faculty"
"SS2012 BSE-5A","SS2012","Technical and Business Writing","BSE-5A","Software Engineering",3,"FAST Faculty"
"MT1004 BSE-3A","MT1004","Linear Algebra","BSE-3A","Software Engineering",3,"FAST Faculty"
"CS2001 BSE-3C","CS2001","Data Structures","BSE-3C","Software Engineering",3,"FAST Faculty"
"SE3002 BSE-5B","SE3002","Software Quality Engineering","BSE-5B","Software Engineering",3,"FAST Faculty"
"SS2012 BSE-5B","SS2012","Technical and Business Writing","BSE-5B","Software Engineering",3,"FAST Faculty"
"AI4009 BSE-7A","AI4009","Generative AI","BSE-7A","Artificial Intelligence",3,"FAST Faculty"
"AI4009 BSE-7B","AI4009","Generative AI","BSE-7B","Artificial Intelligence",3,"FAST Faculty"
"MG4057 BSE-9A","MG4057","AI-Led Transformation","BSE-9A","Software Engineering",3,"FAST Faculty"
"CS2009 BSE-5C","CS2009","Design and Analysis of Algorithms","BSE-5C","Software Engineering",3,"FAST Faculty"
"AI2002 BSE-5C","AI2002","Artificial Intelligence","BSE-5C","Artificial Intelligence",3,"FAST Faculty"
"CS4063 BSE-7A","CS4063","Natural Language Processing","BSE-7A","Software Engineering",3,"FAST Faculty"
"CS4063 BSE-7B","CS4063","Natural Language Processing","BSE-7B","Software Engineering",3,"FAST Faculty"
"MT1003 BAI-1C","MT1003","Calculus and Analytical Geometry","BAI-1C","Artificial Intelligence",3,"FAST Faculty"
"CS1002 BAI-1C","CS1002","Programming Fundamentals","BAI-1C","Artificial Intelligence",3,"FAST Faculty"
"SS1019 BAI-1A","SS1019","Understanding Sirat-Un-Nabi (PBUH)","BAI-1A","Artificial Intelligence",3,"FAST Faculty"
"SS1013 BAI-1C","SS1013","Ideology and Constitution of Pakistan","BAI-1C","Artificial Intelligence",3,"FAST Faculty"
"CS2001 BAI-3C","CS2001","Data Structures","BAI-3C","Artificial Intelligence",3,"FAST Faculty"
"EE2003 BAI-3C","EE2003","Computer Organization and Assembly Language","BAI-3C","Artificial Intelligence",3,"FAST Faculty"
"CS2005 BCY-5B","CS2005","Database Systems","BCY-5B","Cyber Security",3,"FAST Faculty"
"MT1004 BAI-3A","MT1004","Linear Algebra","BAI-3A","Artificial Intelligence",3,"FAST Faculty"
"DS2003 BDS-5A","DS2003","Advanced Statistics","BDS-5A","Data Science",3,"FAST Faculty"
"DS2003 BDS-5B","DS2003","Advanced Statistics","BDS-5B","Data Science",3,"FAST Faculty"
"CS6001 PCS-1A","CS6001","Advanced Topics in CS","PCS-1A","Computer Science",3,"FAST Faculty"
"AI3001 BAI-5B","AI3001","Knowledge Representation and Reasoning","BAI-5B","Artificial Intelligence",3,"FAST Faculty"
"AI3002 BAI-5B","AI3002","Machine Learning","BAI-5B","Artificial Intelligence",3,"FAST Faculty"
"CS3001 BAI-5B","CS3001","Computer Networks","BAI-5B","Artificial Intelligence",3,"FAST Faculty"
"AI2001 BAI-3C","AI2001","Programming for AI","BAI-3C","Artificial Intelligence",3,"FAST Faculty"
"AI3001 BAI-5C","AI3001","Knowledge Representation and Reasoning","BAI-5C","Artificial Intelligence",3,"FAST Faculty"
"AI3002 BAI-5C","AI3002","Machine Learning","BAI-5C","Artificial Intelligence",3,"FAST Faculty"
"SS2012 BAI-5A","SS2012","Technical and Business Writing","BAI-5A","Artificial Intelligence",3,"FAST Faculty"
"AI3002 BAI-5A","AI3002","Machine Learning","BAI-5A","Artificial Intelligence",3,"FAST Faculty"
"CS3001 BAI-5C","CS3001","Computer Networks","BAI-5C","Artificial Intelligence",3,"FAST Faculty"
"EE2003 BAI-5A","EE2003","Computer Organization and Assembly Language","BAI-5A","Artificial Intelligence",3,"FAST Faculty"
"MT1003 BDS-1A","MT1003","Calculus and Analytical Geometry","BDS-1A","Data Science",3,"FAST Faculty"
"CS1002 BDS-1A","CS1002","Programming Fundamentals","BDS-1A","Data Science",3,"FAST Faculty"
"DS3001 BDS-5A","DS3001","Data Analysis and Visualization","BDS-5A","Data Science",3,"FAST Faculty"
"SS1013 BDS-1A","SS1013","Ideology and Constitution of Pakistan","BDS-1A","Data Science",3,"FAST Faculty"
"MT1003 BDS-1B","MT1003","Calculus and Analytical Geometry","BDS-1B","Data Science",3,"FAST Faculty"
"CS1002 BDS-1B","CS1002","Programming Fundamentals","BDS-1B","Data Science",3,"FAST Faculty"
"EE2003 BDS-3A","EE2003","Computer Organization and Assembly Language","BDS-3A","Data Science",3,"FAST Faculty"
"DS2001 BDS-3A","DS2001","Introduction to Data Science","BDS-3A","Data Science",3,"FAST Faculty"
"EE2003 BDS-3B","EE2003","Computer Organization and Assembly Language","BDS-3B","Data Science",3,"FAST Faculty"
"SS1019 BDS-3B","SS1019","Understanding Sirat-Un-Nabi (PBUH)","BDS-3B","Data Science",3,"FAST Faculty"
"DS3004 BDS-5A","DS3004","Data Warehousing and Business Intellligence","BDS-5A","Data Science",3,"FAST Faculty"
"DS3004 BDS-5B","DS3004","Data Warehousing and Business Intellligence","BDS-5B","Data Science",3,"FAST Faculty"
"MT1004 BAI-3B","MT1004","Linear Algebra","BAI-3B","Artificial Intelligence",3,"FAST Faculty"
"CS2001 BDS-3A","CS2001","Data Structures","BDS-3A","Data Science",3,"FAST Faculty"
"AI4015 BDS-7A","AI4015","Agentic Artificial Intelligence","BDS-7A","Artificial Intelligence",3,"FAST Faculty"
"CS2001 BDS-3B","CS2001","Data Structures","BDS-3B","Data Science",3,"FAST Faculty"
"DS2001 BDS-3B","DS2001","Introduction to Data Science","BDS-3B","Data Science",3,"FAST Faculty"
"DS3001 BDS-5B","DS3001","Data Analysis and Visualization","BDS-5B","Data Science",3,"FAST Faculty"
"AI4012 BDS-7C","AI4012","Multiagent Systems and Game Theory","BDS-7C","Artificial Intelligence",3,"FAST Faculty"
"AI4012 BDS-7A","AI4012","Multiagent Systems and Game Theory","BDS-7A","Artificial Intelligence",3,"FAST Faculty"
"AI4012 BDS-7B","AI4012","Multiagent Systems and Game Theory","BDS-7B","Artificial Intelligence",3,"FAST Faculty"
"CS3001 BDS-7A","CS3001","Computer Networks","BDS-7A","Data Science",3,"FAST Faculty"
"MG3040 BDS-7C","MG3040","Methods in Business Research","BDS-7C","Data Science",3,"FAST Faculty"
"CS3001 BDS-7B","CS3001","Computer Networks","BDS-7B","Data Science",3,"FAST Faculty"
"SE4009 BSE-7A","SE4009","Process Mining and Simulation","BSE-7A","Software Engineering",3,"FAST Faculty"
"CS4001 BCS-7A","CS4001","Professional Practices in IT","BCS-7A","Computer Science",3,"FAST Faculty"
"CS3002 BCS-7A","CS3002","Information Security","BCS-7A","Computer Science",3,"FAST Faculty"
"CS4085 BCS-7A","CS4085","MLOps","BCS-7A","Computer Science",3,"FAST Faculty"
"MG4069 BCS-9A","MG4069","Digital Sustainability","BCS-9A","Sciences & Humanities",3,"FAST Faculty"
"MG4069 BCS-9B","MG4069","Digital Sustainability","BCS-9B","Sciences & Humanities",3,"FAST Faculty"
"CS3002 BCS-7B","CS3002","Information Security","BCS-7B","Computer Science",3,"FAST Faculty"
"CS4001 BCS-7B","CS4001","Professional Practices in IT","BCS-7B","Computer Science",3,"FAST Faculty"
"AI4009 BCS-7A","AI4009","Generative AI","BCS-7A","Artificial Intelligence",3,"FAST Faculty"
"AI4009 BCS-7B","AI4009","Generative AI","BCS-7B","Artificial Intelligence",3,"FAST Faculty"
"CS4001 BCS-7C","CS4001","Professional Practices in IT","BCS-7C","Computer Science",3,"FAST Faculty"
"CS3002 BCS-7C","CS3002","Information Security","BCS-7C","Computer Science",3,"FAST Faculty"
"AI4015 BCS-7A","AI4015","Agentic Artificial Intelligence","BCS-7A","Artificial Intelligence",3,"FAST Faculty"
"AI4015 BCS-7B","AI4015","Agentic Artificial Intelligence","BCS-7B","Artificial Intelligence",3,"FAST Faculty"
"CS3002 BCS-7D","CS3002","Information Security","BCS-7D","Computer Science",3,"FAST Faculty"
"CS4001 BCS-7D","CS4001","Professional Practices in IT","BCS-7D","Computer Science",3,"FAST Faculty"
"CS4001 BCS-7H","CS4001","Professional Practices in IT","BCS-7H","Computer Science",3,"FAST Faculty"
"CS3006 BCS-7D","CS3006","Parallel and Distributed Computing","BCS-7D","Computer Science",3,"FAST Faculty"
"CS3006 BCS-7A","CS3006","Parallel and Distributed Computing","BCS-7A","Computer Science",3,"FAST Faculty"
"CS3014 BCS-7E","CS3014","Applied Human Computer Interaction","BCS-7E","Computer Science",3,"FAST Faculty"
"CS3014 BCS-7G","CS3014","Applied Human Computer Interaction","BCS-7G","Computer Science",3,"FAST Faculty"
"CS3014 BCS-7F","CS3014","Applied Human Computer Interaction","BCS-7F","Computer Science",3,"FAST Faculty"
"CS4085 BCS-7B","CS4085","MLOps","BCS-7B","Computer Science",3,"FAST Faculty"
"MG3040 BAI-7C","MG3040","Methods in Business Research","BAI-7C","Artificial Intelligence",3,"FAST Faculty"
"MT2002 BCS-9A","MT2002","Statistical Modelling","BCS-9A","Sciences & Humanities",3,"FAST Faculty"
"CS1002 BCY-1A","CS1002","Programming Fundamentals","BCY-1A","Cyber Security",3,"FAST Faculty"
"MT1003 BCY-1A","MT1003","Calculus and Analytical Geometry","BCY-1A","Cyber Security",3,"FAST Faculty"
"SS1013 BCY-1A","SS1013","Ideology and Constitution of Pakistan","BCY-1A","Cyber Security",3,"FAST Faculty"
"CS1002 BCY-1B","CS1002","Programming Fundamentals","BCY-1B","Cyber Security",3,"FAST Faculty"
"MT1003 BCY-1B","MT1003","Calculus and Analytical Geometry","BCY-1B","Cyber Security",3,"FAST Faculty"
"ARTSH CY-B","ARTSH","Arts & Humanities","CY-B","Computer Science",3,"FAST Faculty"
"NS1001 BCY-1C","NS1001","Applied Physics","BCY-1C","Cyber Security",3,"FAST Faculty"
"MT1004 BCY-3A","MT1004","Linear Algebra","BCY-3A","Cyber Security",3,"FAST Faculty"
"MT1004 BCY-3B","MT1004","Linear Algebra","BCY-3B","Cyber Security",3,"FAST Faculty"
"SS1015 BCY-3B","SS1015","Pakistan Studies","BCY-3B","Cyber Security",3,"FAST Faculty"
"SS1015 BCY-3A","SS1015","Pakistan Studies","BCY-3A","Cyber Security",3,"FAST Faculty"
"SS1012 BCY-1C","SS1012","Functional English","BCY-1C","Cyber Security",3,"FAST Faculty"
"CS2001 BCY-3C","CS2001","Data Structures","BCY-3C","Cyber Security",3,"FAST Faculty"
"CY2004 BCY-3C","CY2004","Cyber Security","BCY-3C","Cyber Security",3,"FAST Faculty"
"EE2003 BCY-3C","EE2003","Computer Organization and Assembly Language","BCY-3C","Cyber Security",3,"FAST Faculty"
"CS3002 BCY-5A","CS3002","Information Security","BCY-5A","Cyber Security",3,"FAST Faculty"
"CS2005 BCY-5A","CS2005","Database Systems","BCY-5A","Cyber Security",3,"FAST Faculty"
"CS2005 BCY-5C","CS2005","Database Systems","BCY-5C","Cyber Security",3,"FAST Faculty"
"AI2002 BCY-5A","AI2002","Artificial Intelligence","BCY-5A","Artificial Intelligence",3,"FAST Faculty"
"CS3002 BCY-5B","CS3002","Information Security","BCY-5B","Cyber Security",3,"FAST Faculty"
"CS2006 BCY-5B","CS2006","Operating Systems","BCY-5B","Cyber Security",3,"FAST Faculty"
"AI2002 BCY-5B","AI2002","Artificial Intelligence","BCY-5B","Artificial Intelligence",3,"FAST Faculty"
"CY3003 BCY-7A","CY3003","Information Assurance","BCY-7A","Cyber Security",3,"FAST Faculty"
"CS4001 BCY-7A","CS4001","Professional Practices in IT","BCY-7A","Cyber Security",3,"FAST Faculty"
"CY3002 BCY-9A","CY3002","Vulnerability Assessment and Reverse Engg","BCY-9A","Cyber Security",3,"FAST Faculty"
"CS4001 BCY-7B","CS4001","Professional Practices in IT","BCY-7B","Cyber Security",3,"FAST Faculty"
"CY3003 BCY-7B","CY3003","Information Assurance","BCY-7B","Cyber Security",3,"FAST Faculty"
"CS3012 BCS-7A","CS3012","Fundamentals of Data Visualization","BCS-7A","Computer Science",3,"FAST Faculty"
"PFLAB CY-C","PFLAB","PF Lab","CY-C","Computer Science",1,"Lab Instructor"
"CL1002 BCS-1B","CL1002","Programming Fundamentals - Lab","BCS-1B","Computer Science",1,"Lab Instructor"
"CL1002 BAI-1C","CL1002","Programming Fundamentals - Lab","BAI-1C","Artificial Intelligence",1,"Lab Instructor"
"CL1000 BSE-1A","CL1000","Introduction to Information and Communication Technology","BSE-1A","Software Engineering",1,"Lab Instructor"
"AL3002 BAI-5A","AL3002","Machine Learning - Lab","BAI-5A","Artificial Intelligence",1,"Lab Instructor"
"CL1002 BSE-1A","CL1002","Programming Fundamentals - Lab","BSE-1A","Software Engineering",1,"Lab Instructor"
"CL1000 BAI-1A","CL1000","Introduction to Information and Communication Technology","BAI-1A","Artificial Intelligence",1,"Lab Instructor"
"EL2003 BCY-3B","EL2003","Computer Organization and Assembly Language - Lab","BCY-3B","Cyber Security",1,"Lab Instructor"
"CL1000 BSE-1B","CL1000","Introduction to Information and Communication Technology","BSE-1B","Software Engineering",1,"Lab Instructor"
"AL2001 BAI-3A","AL2001","Programming for AI - Lab","BAI-3A","Artificial Intelligence",1,"Lab Instructor"
"AL2001 BAI-3B","AL2001","Programming for AI - Lab","BAI-3B","Artificial Intelligence",1,"Lab Instructor"
"CL1002 BCS-1A","CL1002","Programming Fundamentals - Lab","BCS-1A","Computer Science",1,"Lab Instructor"
"AL2002 BSE-5B","AL2002","Artificial Intelligence - Lab","BSE-5B","Artificial Intelligence",1,"Lab Instructor"
"CL2001 BCS-3B","CL2001","Data Structures - Lab","BCS-3B","Computer Science",1,"Lab Instructor"
"EL2003 BAI-3B","EL2003","Computer Organization and Assembly Language - Lab","BAI-3B","Artificial Intelligence",1,"Lab Instructor"
"CL3001 BDS-7C","CL3001","Computer Networks - Lab","BDS-7C","Data Science",1,"Lab Instructor"
"CL2001 BCY-3A","CL2001","Data Structures - Lab","BCY-3A","Cyber Security",1,"Lab Instructor"
"CL1000 BCS-1D","CL1000","Introduction to Information and Communication Technology","BCS-1D","Computer Science",1,"Lab Instructor"
"EL2003 BSE-3B","EL2003","Computer Organization and Assembly Language - Lab","BSE-3B","Software Engineering",1,"Lab Instructor"
"CL2001 BSE-3A","CL2001","Data Structures - Lab","BSE-3A","Software Engineering",1,"Lab Instructor"
"CL1000 BCS-1C","CL1000","Introduction to Information and Communication Technology","BCS-1C","Computer Science",1,"Lab Instructor"
"CL3001 BCS-5A","CL3001","Computer Networks - Lab","BCS-5A","Computer Science",1,"Lab Instructor"
"CL1002 BSE-1F","CL1002","Programming Fundamentals - Lab","BSE-1F","Software Engineering",1,"Lab Instructor"
"CL2001 BCS-3D","CL2001","Data Structures - Lab","BCS-3D","Computer Science",1,"Lab Instructor"
"CL3001 BCS-5D","CL3001","Computer Networks - Lab","BCS-5D","Computer Science",1,"Lab Instructor"
"EL2003 BAI-3A","EL2003","Computer Organization and Assembly Language - Lab","BAI-3A","Artificial Intelligence",1,"Lab Instructor"
"CL2005 BCY-5C","CL2005","Database Systems - Lab","BCY-5C","Cyber Security",1,"Lab Instructor"
"CY4048 BCY-9A","CY4048","Security Operations and Administration","BCY-9A","Cyber Security",1,"Lab Instructor"
"SL1012 BCS-1A1","SL1012","Functional English - Lab","BCS-1A1","Software Engineering",1,"Lab Instructor"
"SL1012 BCS-1A2","SL1012","Functional English - Lab","BCS-1A2","Software Engineering",1,"Lab Instructor"
"SL1012 BCS-1D1","SL1012","Functional English - Lab","BCS-1D1","Software Engineering",1,"Lab Instructor"
"SL1012 BCS-1D2","SL1012","Functional English - Lab","BCS-1D2","Software Engineering",1,"Lab Instructor"
"SL1012 BSE-1B1","SL1012","Functional English - Lab","BSE-1B1","Software Engineering",1,"Lab Instructor"
"SL1012 BCS-1C1","SL1012","Functional English - Lab","BCS-1C1","Software Engineering",1,"Lab Instructor"
"SL1012 BDS-1B1","SL1012","Functional English - Lab","BDS-1B1","Software Engineering",1,"Lab Instructor"
"SL1012 BSE-1B2","SL1012","Functional English - Lab","BSE-1B2","Software Engineering",1,"Lab Instructor"
"SL1012 BCS-1C2","SL1012","Functional English - Lab","BCS-1C2","Software Engineering",1,"Lab Instructor"
"SL1012 BDS-1B2","SL1012","Functional English - Lab","BDS-1B2","Software Engineering",1,"Lab Instructor"
"EL1005 BCS-3A","EL1005","Digital Logic Design - Lab","BCS-3A","Electrical Engineering",1,"Lab Instructor"
"EL1005 BCS-3C","EL1005","Digital Logic Design - Lab","BCS-3C","Electrical Engineering",1,"Lab Instructor"
"EL1005 BCS-3E","EL1005","Digital Logic Design - Lab","BCS-3E","Electrical Engineering",1,"Lab Instructor"
"CS1002 BCS-1A","CS1002","Programming Fundamentals","BCS-1A","Computer Science",3,"FAST Faculty"
"SS1007 BCS-1A","SS1007","Islamic Studies/Ethics","BCS-1A","Sciences & Humanities",3,"FAST Faculty"
"CS1002 BCS-1B","CS1002","Programming Fundamentals","BCS-1B","Computer Science",3,"FAST Faculty"
"SS1013 BCS-1B","SS1013","Ideology and Constitution of Pakistan","BCS-1B","Sciences & Humanities",3,"FAST Faculty"
"CS1002 BCS-1C","CS1002","Programming Fundamentals","BCS-1C","Computer Science",3,"FAST Faculty"
"SS1007 BCS-1C","SS1007","Islamic Studies/Ethics","BCS-1C","Sciences & Humanities",3,"FAST Faculty"
"APPLIED A","APPLIED","Applied Info Sec (CY)","A","Computer Science",3,"FAST Faculty"
"CS1002 BCS-1D","CS1002","Programming Fundamentals","BCS-1D","Computer Science",3,"FAST Faculty"
"SS1019 BCS-1H","SS1019","Understanding Sirat-Un-Nabi (PBUH)","BCS-1H","Sciences & Humanities",3,"FAST Faculty"
"SS1019 BCS-1E","SS1019","Understanding Sirat-Un-Nabi (PBUH)","BCS-1E","Sciences & Humanities",3,"FAST Faculty"
"SS1012 BCS-1E","SS1012","Functional English","BCS-1E","Sciences & Humanities",3,"FAST Faculty"
"SS1019 BCS-3F","SS1019","Understanding Sirat-Un-Nabi (PBUH)","BCS-3F","Sciences & Humanities",3,"FAST Faculty"
"SS1012 BCS-1H","SS1012","Functional English","BCS-1H","Sciences & Humanities",3,"FAST Faculty"
"SS1019 BCS-1G","SS1019","Understanding Sirat-Un-Nabi (PBUH)","BCS-1G","Sciences & Humanities",3,"FAST Faculty"
"SS1019 BCS-3G","SS1019","Understanding Sirat-Un-Nabi (PBUH)","BCS-3G","Sciences & Humanities",3,"FAST Faculty"
"SS1022 BCS-3J","SS1022","Understanding of Holy Quran I/Ethics I","BCS-3J","Sciences & Humanities",3,"FAST Faculty"
"CS5001 MAI-1B","CS5001","Research Methodology","MAI-1B","Artificial Intelligence",3,"FAST Faculty"
"SS1022 BCS-3H","SS1022","Understanding of Holy Quran I/Ethics I","BCS-3H","Sciences & Humanities",3,"FAST Faculty"
"UHQI PHD-A","UHQI","UHQ-I & II","PHD-A","Computer Science",3,"FAST Faculty"
"UHQI A","UHQI","UHQ-I & II (MS-CY Fall-2025 batch","A","Computer Science",3,"FAST Faculty"
"CS1002 BSE-1A","CS1002","Programming Fundamentals","BSE-1A","Software Engineering",3,"FAST Faculty"
"ARTSH SE-A","ARTSH","Arts & Humanities","SE-A","Computer Science",3,"FAST Faculty"
"CS1002 BSE-1B","CS1002","Programming Fundamentals","BSE-1B","Software Engineering",3,"FAST Faculty"
"MT1003 BSE-1E","MT1003","Calculus and Analytical Geometry","BSE-1E","Software Engineering",3,"FAST Faculty"
"SS1012 BSE-1B","SS1012","Functional English","BSE-1B","Software Engineering",3,"FAST Faculty"
"SS1013 BSE-1C","SS1013","Ideology and Constitution of Pakistan","BSE-1C","Software Engineering",3,"FAST Faculty"
"ARTSH SE-D","ARTSH","Arts & Humanities","SE-D","Computer Science",3,"FAST Faculty"
"SS1015 BSE-3D","SS1015","Pakistan Studies","BSE-3D","Software Engineering",3,"FAST Faculty"
"SS1013 BSE-1E","SS1013","Ideology and Constitution of Pakistan","BSE-1E","Software Engineering",3,"FAST Faculty"
"NS1001 BSE-1E","NS1001","Applied Physics","BSE-1E","Software Engineering",3,"FAST Faculty"
"SS1022 BSE-3C","SS1022","Understanding of Holy Quran II/Ethics II","BSE-3C","Software Engineering",3,"FAST Faculty"
"CS1002 BSE-1F","CS1002","Programming Fundamentals","BSE-1F","Software Engineering",3,"FAST Faculty"
"SS1019 BDS-1A","SS1019","Understanding Sirat-Un-Nabi (PBUH)","BDS-1A","Data Science",3,"FAST Faculty"
"SS1007 BAI-1A","SS1007","Islamic Studies/Ethics","BAI-1A","Artificial Intelligence",3,"FAST Faculty"
"SS1012 BAI-1C","SS1012","Functional English","BAI-1C","Artificial Intelligence",3,"FAST Faculty"
"SS1012 BDS-1B","SS1012","Functional English","BDS-1B","Data Science",3,"FAST Faculty"
"SS1019 BDS-1B","SS1019","Understanding Sirat-Un-Nabi (PBUH)","BDS-1B","Data Science",3,"FAST Faculty"
"SS1022 BAI-3A","SS1022","Understanding of Holy Quran II/Ethics II","BAI-3A","Artificial Intelligence",3,"FAST Faculty"
"SS1022 BAI-3B","SS1022","Understanding of Holy Quran II/Ethics II","BAI-3B","Artificial Intelligence",3,"FAST Faculty"
"IDESS101 BAI-1B","IDESS101","IdeSS1013 Ideology and Constitution of Pakistan","BAI-1B","Artificial Intelligence",3,"FAST Faculty"
"CS1002 BAI-1B","CS1002","Programming Fundamentals","BAI-1B","Artificial Intelligence",3,"FAST Faculty"
"MT1003 BAI-1B","MT1003","Calculus and Analytical Geometry","BAI-1B","Artificial Intelligence",3,"FAST Faculty"
"MT1003 BDS-1C","MT1003","Calculus and Analytical Geometry","BDS-1C","Data Science",3,"FAST Faculty"
"CS1002 BDS-1C","CS1002","Programming Fundamentals","BDS-1C","Data Science",3,"FAST Faculty"
"SS1012 BDS-1C","SS1012","Functional English","BDS-1C","Data Science",3,"FAST Faculty"
"SS1022 BDS-3B","SS1022","Understanding of Holy Quran I/Ethics I","BDS-3B","Data Science",3,"FAST Faculty"
"SS1022 BDB-3B","SS1022","Understanding of Holy Quran II/Ethics II","BDB-3B","Sciences & Humanities",3,"FAST Faculty"
"CS4001 Block-A","CS4001","Professional Practices in IT Seminar (Audi,","Block-A","Computer Science",3,"FAST Faculty"
"CS6003 PCS-1A","CS6003","Advanced Topics in NLP","PCS-1A","Computer Science",3,"FAST Faculty"
"NS1001 BCY-1B","NS1001","Applied Physics","BCY-1B","Cyber Security",3,"FAST Faculty"
"ARTSH CY-C","ARTSH","Arts & Humanities","CY-C","Computer Science",3,"FAST Faculty"
"SS1013 BCY-1B","SS1013","Ideology and Constitution of Pakistan","BCY-1B","Cyber Security",3,"FAST Faculty"
"CS1002 BCY-1C","CS1002","Programming Fundamentals","BCY-1C","Cyber Security",3,"FAST Faculty"
"MT1003 BCY-1C","MT1003","Calculus and Analytical Geometry","BCY-1C","Cyber Security",3,"FAST Faculty"
"NS1001 BCY-1A","NS1001","Applied Physics","BCY-1A","Cyber Security",3,"FAST Faculty"
"SS1012 BCY-1A","SS1012","Functional English","BCY-1A","Cyber Security",3,"FAST Faculty"
"SS1012 BCY-1D","SS1012","Functional English","BCY-1D","Cyber Security",3,"FAST Faculty"
"MT1003 BCY-1D","MT1003","Calculus and Analytical Geometry","BCY-1D","Cyber Security",3,"FAST Faculty"
"NS1001 BCY-1D","NS1001","Applied Physics","BCY-1D","Cyber Security",3,"FAST Faculty"
"SS1015 BCY-3C","SS1015","Pakistan Studies","BCY-3C","Cyber Security",3,"FAST Faculty"
"CS4032 BCY-5B","CS4032","Web Programming","BCY-5B","Cyber Security",3,"FAST Faculty"
"CS4032 BCY-5A","CS4032","Web Programming","BCY-5A","Cyber Security",3,"FAST Faculty"
"CL1002 BCY-1A","CL1002","Programming Fundamentals - Lab","BCY-1A","Cyber Security",1,"Lab Instructor"
"CL1000 BCY-1B","CL1000","Introduction to Information and Communication Technology","BCY-1B","Cyber Security",1,"Lab Instructor"
"CL1000 BDS-1B","CL1000","Introduction to Information and Communication Technology","BDS-1B","Data Science",1,"Lab Instructor"
"CL1000 BCS-1F","CL1000","Introduction to Information and Communication Technology","BCS-1F","Computer Science",1,"Lab Instructor"
"CL1000 BCS-1G","CL1000","Introduction to Information and Communication Technology","BCS-1G","Computer Science",1,"Lab Instructor"
"DL3004 BDS-5A","DL3004","Data Warehousing and Business Intellligence - Lab","BDS-5A","Data Science",1,"Lab Instructor"
"CL1002 BSE-1D","CL1002","Programming Fundamentals - Lab","BSE-1D","Software Engineering",1,"Lab Instructor"
"CL1000 BAI-1C","CL1000","Introduction to Information and Communication Technology","BAI-1C","Artificial Intelligence",1,"Lab Instructor"
"EL2003 BAI-3C","EL2003","Computer Organization and Assembly Language - Lab","BAI-3C","Artificial Intelligence",1,"Lab Instructor"
"DL2001 BDS-3B","DL2001","Introduction to Data Science - Lab","BDS-3B","Data Science",1,"Lab Instructor"
"CL1002 BCS-1H","CL1002","Programming Fundamentals - Lab","BCS-1H","Computer Science",1,"Lab Instructor"
"CL1002 BCS-1E","CL1002","Programming Fundamentals - Lab","BCS-1E","Computer Science",1,"Lab Instructor"
"CL2001 BDS-3A","CL2001","Data Structures - Lab","BDS-3A","Data Science",1,"Lab Instructor"
"CL1002 BDS-1A","CL1002","Programming Fundamentals - Lab","BDS-1A","Data Science",1,"Lab Instructor"
"EL2003 BDS-3A","EL2003","Computer Organization and Assembly Language - Lab","BDS-3A","Data Science",1,"Lab Instructor"
"CL2001 BCY-3C","CL2001","Data Structures - Lab","BCY-3C","Cyber Security",1,"Lab Instructor"
"CL2001 BCS-3G","CL2001","Data Structures - Lab","BCS-3G","Computer Science",1,"Lab Instructor"
"EL2003 BSE-3C","EL2003","Computer Organization and Assembly Language - Lab","BSE-3C","Software Engineering",1,"Lab Instructor"
"CL2001 BSE-3D","CL2001","Data Structures - Lab","BSE-3D","Software Engineering",1,"Lab Instructor"
"CL3001 BCS-5G","CL3001","Computer Networks - Lab","BCS-5G","Computer Science",1,"Lab Instructor"
"CL3001 BDS-7B","CL3001","Computer Networks - Lab","BDS-7B","Data Science",1,"Lab Instructor"
"DL3001 BDS-5B","DL3001","Data Analysis and Visualization - Lab","BDS-5B","Data Science",1,"Lab Instructor"
"CL3001 BAI-5C","CL3001","Computer Networks - Lab","BAI-5C","Artificial Intelligence",1,"Lab Instructor"
"AL3002 BAI-5B","AL3002","Machine Learning - Lab","BAI-5B","Artificial Intelligence",1,"Lab Instructor"
"CL2001 BCS-3F","CL2001","Data Structures - Lab","BCS-3F","Computer Science",1,"Lab Instructor"
"CL2005 BCY-5B","CL2005","Database Systems - Lab","BCY-5B","Cyber Security",1,"Lab Instructor"
"AL2002 BCY-5A","AL2002","Artificial Intelligence - Lab","BCY-5A","Artificial Intelligence",1,"Lab Instructor"
"CL2006 BCY-5B","CL2006","Operating Systems - Lab","BCY-5B","Cyber Security",1,"Lab Instructor"
"SL1012 BCS-1G1","SL1012","Functional English - Lab","BCS-1G1","Software Engineering",1,"Lab Instructor"
"SL1012 BDS-1A1","SL1012","Functional English - Lab","BDS-1A1","Software Engineering",1,"Lab Instructor"
"SL1012 BCS-1G2","SL1012","Functional English - Lab","BCS-1G2","Software Engineering",1,"Lab Instructor"
"SL1012 BDS-1A2","SL1012","Functional English - Lab","BDS-1A2","Software Engineering",1,"Lab Instructor"
"SL1012 BCS-1F1","SL1012","Functional English - Lab","BCS-1F1","Software Engineering",1,"Lab Instructor"
"SL1012 BSE-1C1","SL1012","Functional English - Lab","BSE-1C1","Software Engineering",1,"Lab Instructor"
"SL1012 BCS-1F2","SL1012","Functional English - Lab","BCS-1F2","Software Engineering",1,"Lab Instructor"
"SL1012 BSE-1C2","SL1012","Functional English - Lab","BSE-1C2","Software Engineering",1,"Lab Instructor"
"EL1005 BCS-3H","EL1005","Digital Logic Design - Lab","BCS-3H","Electrical Engineering",1,"Lab Instructor"
"EL1005 BCS-3J","EL1005","Digital Logic Design - Lab","BCS-3J","Electrical Engineering",1,"Lab Instructor"
"SS1019 BCS-1A","SS1019","Understanding Sirat-Un-Nabi (PBUH)","BCS-1A","Sciences & Humanities",3,"FAST Faculty"
"SS1007 BCS-1F","SS1007","Islamic Studies/Ethics","BCS-1F","Sciences & Humanities",3,"FAST Faculty"
"SS1019 BCS-1D","SS1019","Understanding Sirat-Un-Nabi (PBUH)","BCS-1D","Sciences & Humanities",3,"FAST Faculty"
"CY5002 MCY-2A","CY5002","Machine Learning for Cyber Security","MCY-2A","Cyber Security",3,"FAST Faculty"
"SS1013 BCS-1G","SS1013","Ideology and Constitution of Pakistan","BCS-1G","Sciences & Humanities",3,"FAST Faculty"
"SS1007 BCS-1H","SS1007","Islamic Studies/Ethics","BCS-1H","Sciences & Humanities",3,"FAST Faculty"
"SS1013 BCS-1E","SS1013","Ideology and Constitution of Pakistan","BCS-1E","Sciences & Humanities",3,"FAST Faculty"
"SS1012 BCS-1D","SS1012","Functional English","BCS-1D","Sciences & Humanities",3,"FAST Faculty"
"SS1019 BCS-3E","SS1019","Understanding Sirat-Un-Nabi (PBUH)","BCS-3E","Sciences & Humanities",3,"FAST Faculty"
"SS1012 BCS-1A","SS1012","Functional English","BCS-1A","Sciences & Humanities",3,"FAST Faculty"
"SS1012 BCS-1C","SS1012","Functional English","BCS-1C","Sciences & Humanities",3,"FAST Faculty"
"SS1019 BCS-1C","SS1019","Understanding Sirat-Un-Nabi (PBUH)","BCS-1C","Sciences & Humanities",3,"FAST Faculty"
"SS1022 BCS-3B","SS1022","Understanding of Holy Quran I/Ethics I","BCS-3B","Sciences & Humanities",3,"FAST Faculty"
"SS1019 BCS-3C","SS1019","Understanding Sirat-Un-Nabi (PBUH)","BCS-3C","Sciences & Humanities",3,"FAST Faculty"
"SS1019 BCS-3A","SS1019","Understanding Sirat-Un-Nabi (PBUH)","BCS-3A","Sciences & Humanities",3,"FAST Faculty"
"CS6031 PCS-1A","CS6031","Information Retrieval and Text Mining","PCS-1A","Computer Science",3,"FAST Faculty"
"SS1022 BSE-3A","SS1022","Understanding of Holy Quran II/Ethics II","BSE-3A","Software Engineering",3,"FAST Faculty"
"SS1013 BSE-1A","SS1013","Ideology and Constitution of Pakistan","BSE-1A","Software Engineering",3,"FAST Faculty"
"SS1013 BSE-1B","SS1013","Ideology and Constitution of Pakistan","BSE-1B","Software Engineering",3,"FAST Faculty"
"ARTSH D-402","ARTSH","Arts & Humanities (SE-C)","D-402","Computer Science",3,"FAST Faculty"
"SS1015 BSE-3B","SS1015","Pakistan Studies","BSE-3B","Software Engineering",3,"FAST Faculty"
"SS1012 BSE-1D","SS1012","Functional English","BSE-1D","Software Engineering",3,"FAST Faculty"
"ARTSH SE-E","ARTSH","Arts & Humanities","SE-E","Computer Science",3,"FAST Faculty"
"SS1012 BSE-1E","SS1012","Functional English","BSE-1E","Software Engineering",3,"FAST Faculty"
"CS1002 BSE-1E","CS1002","Programming Fundamentals","BSE-1E","Software Engineering",3,"FAST Faculty"
"SS1019 BAI-1B","SS1019","Understanding Sirat-Un-Nabi (PBUH)","BAI-1B","Artificial Intelligence",3,"FAST Faculty"
"CS1002 BAI-1A","CS1002","Programming Fundamentals","BAI-1A","Artificial Intelligence",3,"FAST Faculty"
"SS1007 BAI-1C","SS1007","Islamic Studies/Ethics","BAI-1C","Artificial Intelligence",3,"FAST Faculty"
"SS1012 BAI-1B","SS1012","Functional English","BAI-1B","Artificial Intelligence",3,"FAST Faculty"
"SS1012 BAI-1A","SS1012","Functional English","BAI-1A","Artificial Intelligence",3,"FAST Faculty"
"SS1015 BAI-3A","SS1015","Pakistan Studies","BAI-3A","Artificial Intelligence",3,"FAST Faculty"
"SS1022 BAI-3C","SS1022","Understanding of Holy Quran II/Ethics II","BAI-3C","Artificial Intelligence",3,"FAST Faculty"
"SS1007 BDS-1A","SS1007","Islamic Studies/Ethics","BDS-1A","Data Science",3,"FAST Faculty"
"SS1013 BDS-1B","SS1013","Ideology and Constitution of Pakistan","BDS-1B","Data Science",3,"FAST Faculty"
"SS1019 BDS-3A","SS1019","Understanding Sirat-Un-Nabi (PBUH)","BDS-3A","Data Science",3,"FAST Faculty"
"SS1015 BAI-3B","SS1015","Pakistan Studies","BAI-3B","Artificial Intelligence",3,"FAST Faculty"
"SS1013 BDS-1C","SS1013","Ideology and Constitution of Pakistan","BDS-1C","Data Science",3,"FAST Faculty"
"SS1019 BDS-1C","SS1019","Understanding Sirat-Un-Nabi (PBUH)","BDS-1C","Data Science",3,"FAST Faculty"
"AI4015 BCS-7","AI4015","Agentic Artificial Intelligence","BCS-7","Artificial Intelligence",3,"FAST Faculty"
"ARTSH CY-A","ARTSH","Arts & Humanities","CY-A","Computer Science",3,"FAST Faculty"
"SS1012 BCY-1B","SS1012","Functional English","BCY-1B","Cyber Security",3,"FAST Faculty"
"ARTSH CY-D","ARTSH","Arts & Humanities","CY-D","Computer Science",3,"FAST Faculty"
"CS1002 BCY-1D","CS1002","Programming Fundamentals","BCY-1D","Cyber Security",3,"FAST Faculty"
"SS1022 BCY-3A","SS1022","Understanding of Holy Quran II/Ethics II","BCY-3A","Cyber Security",3,"FAST Faculty"
"SS1022 BCY-3B","SS1022","Understanding of Holy Quran II/Ethics II","BCY-3B","Cyber Security",3,"FAST Faculty"
"SS1013 BCY-1D","SS1013","Ideology and Constitution of Pakistan","BCY-1D","Cyber Security",3,"FAST Faculty"
"EESEMIN A","EESEMIN","EE Seminar","A","Electrical Engineering",3,"FAST Faculty"
"CL1002 BSE-1B","CL1002","Programming Fundamentals - Lab","BSE-1B","Software Engineering",1,"Lab Instructor"
"CL1002 BCS-1D","CL1002","Programming Fundamentals - Lab","BCS-1D","Computer Science",1,"Lab Instructor"
"CL1002 BCS-1C","CL1002","Programming Fundamentals - Lab","BCS-1C","Computer Science",1,"Lab Instructor"
"CL1000 BCS-1A","CL1000","Introduction to Information and Communication Technology","BCS-1A","Computer Science",1,"Lab Instructor"
"CL1000 BCS-1B","CL1000","Introduction to Information and Communication Technology","BCS-1B","Computer Science",1,"Lab Instructor"
"CL2001 BCS-3E","CL2001","Data Structures - Lab","BCS-3E","Computer Science",1,"Lab Instructor"
"CL1000 BCY-1C","CL1000","Introduction to Information and Communication Technology","BCY-1C","Cyber Security",1,"Lab Instructor"
"CL1000 BAI-1B","CL1000","Introduction to Information and Communication Technology","BAI-1B","Artificial Intelligence",1,"Lab Instructor"
"CL2001 BAI-3B","CL2001","Data Structures - Lab","BAI-3B","Artificial Intelligence",1,"Lab Instructor"
"CL2001 BCS-3C","CL2001","Data Structures - Lab","BCS-3C","Computer Science",1,"Lab Instructor"
"CL1004 BCS-3B","CL1004","Object Oriented Programming - Lab","BCS-3B","Computer Science",1,"Lab Instructor"
"CL2001 BCS-3A","CL2001","Data Structures - Lab","BCS-3A","Computer Science",1,"Lab Instructor"
"AL2002 BSE-5A","AL2002","Artificial Intelligence - Lab","BSE-5A","Artificial Intelligence",1,"Lab Instructor"
"CL2001 BCY-3B","CL2001","Data Structures - Lab","BCY-3B","Cyber Security",1,"Lab Instructor"
"CL2001 BAI-3A","CL2001","Data Structures - Lab","BAI-3A","Artificial Intelligence",1,"Lab Instructor"
"EL2003 BSE-3A","EL2003","Computer Organization and Assembly Language - Lab","BSE-3A","Software Engineering",1,"Lab Instructor"
"CL2001 BSE-3B","CL2001","Data Structures - Lab","BSE-3B","Software Engineering",1,"Lab Instructor"
"AL2002 BCY-5C","AL2002","Artificial Intelligence - Lab","BCY-5C","Artificial Intelligence",1,"Lab Instructor"
"CL3001 BAI-5A","CL3001","Computer Networks - Lab","BAI-5A","Artificial Intelligence",1,"Lab Instructor"
"CL1004 BSE-3A","CL1004","Object Oriented Programming - Lab","BSE-3A","Software Engineering",1,"Lab Instructor"
"CL3001 BCS-5C","CL3001","Computer Networks - Lab","BCS-5C","Computer Science",1,"Lab Instructor"
"CL3001 BCS-5B","CL3001","Computer Networks - Lab","BCS-5B","Computer Science",1,"Lab Instructor"
"CL2006 BCY-5C","CL2006","Operating Systems - Lab","BCY-5C","Cyber Security",1,"Lab Instructor"
"EL2003 BCY-3A","EL2003","Computer Organization and Assembly Language - Lab","BCY-3A","Cyber Security",1,"Lab Instructor"
"SL1012 BCS-1B1","SL1012","Functional English - Lab","BCS-1B1","Software Engineering",1,"Lab Instructor"
"SL1012 BSE-1A1","SL1012","Functional English - Lab","BSE-1A1","Software Engineering",1,"Lab Instructor"
"SL1012 BCS-1B2","SL1012","Functional English - Lab","BCS-1B2","Software Engineering",1,"Lab Instructor"
"SL1012 BCY-1C2","SL1012","Functional English - Lab","BCY-1C2","Software Engineering",1,"Lab Instructor"
"SL1012 BAI-1A1","SL1012","Functional English - Lab","BAI-1A1","Artificial Intelligence",1,"Lab Instructor"
"SL1012 BCY-1C1","SL1012","Functional English - Lab","BCY-1C1","Software Engineering",1,"Lab Instructor"
"SL1012 BAI-1A2","SL1012","Functional English - Lab","BAI-1A2","Artificial Intelligence",1,"Lab Instructor"
"SL1012 BSE-1A2","SL1012","Functional English - Lab","BSE-1A2","Software Engineering",1,"Lab Instructor"
"EL1005 BCS-3B","EL1005","Digital Logic Design - Lab","BCS-3B","Electrical Engineering",1,"Lab Instructor"
"EL1005 BCS-3D","EL1005","Digital Logic Design - Lab","BCS-3D","Electrical Engineering",1,"Lab Instructor"
"BREAK ALL","BREAK","Friday Prayer & Lunch Break","ALL","Computer Science",3,"FAST Faculty"
"SS1013 BCY-1C","SS1013","Ideology and Constitution of Pakistan","BCY-1C","Cyber Security",3,"FAST Faculty"
"CS5001 MCS-1A","CS5001","Research Methodology","MCS-1A","Computer Science",3,"FAST Faculty"
"CS6016 PCS-1A","CS6016","Research Topics in Cloud Computing","PCS-1A","Computer Science",3,"FAST Faculty"
"CS5001 MCY-1A","CS5001","Research Methodology","MCY-1A","Cyber Security",3,"FAST Faculty"
"SS1007 BDS-1C","SS1007","Islamic Studies/Ethics","BDS-1C","Data Science",3,"FAST Faculty"
"CS6055 PCS-1A","CS6055","Research Topics in Generative AI","PCS-1A","Computer Science",3,"FAST Faculty"
"UHQI fall-2025","UHQI","UHQ-I & II (MS-CY, MS CS and MS SE)  Sp-2026 &","fall-2025","Computer Science",3,"FAST Faculty"
"CS4002 MCS-1A","CS4002","Applied Programming","MCS-1A","Computer Science",3,"FAST Faculty"
"CS4002 MCY-1A","CS4002","Applied Programming","MCY-1A","Cyber Security",3,"FAST Faculty"
"CS4002 MSE-1A","CS4002","Applied Programming","MSE-1A","Software Engineering",3,"FAST Faculty"
"CS6060 PCS-1A","CS6060","Software Process Mining and Intelligence","PCS-1A","Computer Science",3,"FAST Faculty"
"SS1007 BAI-1B","SS1007","Islamic Studies/Ethics","BAI-1B","Artificial Intelligence",3,"FAST Faculty"
"SS1018 BCY-5A","SS1018","Understanding Holy Quran","BCY-5A","Cyber Security",3,"FAST Faculty"
"CS6002 PCS-1A","CS6002","Advanced Readings","PCS-1A","Computer Science",3,"FAST Faculty"
"FYP ALL","FYP","Final Year Project / Thesis Evaluations","ALL","Computer Science",3,"FAST Faculty"
"PFCSA D-301","PFCSA","PF (CS-A) Tutorial","D-301","Computer Science",3,"FAST Faculty"
"PFCSB D-302","PFCSB","PF (CS-B) Tutorial","D-302","Computer Science",3,"FAST Faculty"
"PFCSC D-303","PFCSC","PF (CS-C) Tutorial","D-303","Computer Science",3,"FAST Faculty"
"PFCSD D-304","PFCSD","PF (CS-D) Tutorial","D-304","Computer Science",3,"FAST Faculty"
"PFCSE D-305","PFCSE","PF (CS-E) Tutorial","D-305","Computer Science",3,"FAST Faculty"
"PFCSF D-306","PFCSF","PF (CS-F) Tutorial","D-306","Computer Science",3,"FAST Faculty"
"PFCSG D-315","PFCSG","PF (CS-G) Tutorial","D-315","Computer Science",3,"FAST Faculty"
"PFCSH D-316","PFCSH","PF (CS-H) Tutorial","D-316","Computer Science",3,"FAST Faculty"
"CL1002 BCY-1B","CL1002","Programming Fundamentals - Lab","BCY-1B","Cyber Security",1,"Lab Instructor"
"CL1002 BDS-1C","CL1002","Programming Fundamentals - Lab","BDS-1C","Data Science",1,"Lab Instructor"
"CL1000 BSE-1E","CL1000","Introduction to Information and Communication Technology","BSE-1E","Software Engineering",1,"Lab Instructor"
"CL1000 BCY-1A","CL1000","Introduction to Information and Communication Technology","BCY-1A","Cyber Security",1,"Lab Instructor"
"CL1002 BCY-1D","CL1002","Programming Fundamentals - Lab","BCY-1D","Cyber Security",1,"Lab Instructor"
"AL2002 BCY-5B","AL2002","Artificial Intelligence - Lab","BCY-5B","Artificial Intelligence",1,"Lab Instructor"
"CL1004 BCS-3A","CL1004","Object Oriented Programming - Lab","BCS-3A","Computer Science",1,"Lab Instructor"
"SL3001 BSE-9A","SL3001","Software Construction and Development - Lab","BSE-9A","Software Engineering",1,"Lab Instructor"
"YL3002 BCY-9A","YL3002","Vulnerability Assessment and Reverse Engg - Lab","BCY-9A","Cyber Security",1,"Lab Instructor"
"CL2006 BDS-5A","CL2006","Operating Systems - Lab","BDS-5A","Data Science",1,"Lab Instructor"
"COALLAB A","COALLAB","COAL Lab (AI/DS, 24) in Rawal-1 For Today (September 04, 2026)","A","Computer Science",1,"Lab Instructor"
"EL2003 BCS-5A","EL2003","Computer Organization and Assembly Language - Lab","BCS-5A","Electrical Engineering",1,"Lab Instructor"
"EL2003 BAI-5A","EL2003","Computer Organization and Assembly Language - Lab BCS-5B and EL2003 Computer Organization and Assembly Language - Lab","BAI-5A","Artificial Intelligence",1,"Lab Instructor"
"CL1004 BAI-3A","CL1004","Object Oriented Programming - Lab","BAI-3A","Artificial Intelligence",1,"Lab Instructor"
"CL1004 BCS-3D","CL1004","Object Oriented Programming - Lab","BCS-3D","Computer Science",1,"Lab Instructor"
"CL2005 BCY-5A","CL2005","Database Systems - Lab","BCY-5A","Cyber Security",1,"Lab Instructor"
"CL2006 BCY-5A","CL2006","Operating Systems - Lab","BCY-5A","Cyber Security",1,"Lab Instructor"
"SL1012 BCY-1A1","SL1012","Functional English - Lab","BCY-1A1","Software Engineering",1,"Lab Instructor"
"SL1012 BCY-1A2","SL1012","Functional English - Lab","BCY-1A2","Software Engineering",1,"Lab Instructor"
"SL1012 BCY-1B1","SL1012","Functional English - Lab","BCY-1B1","Software Engineering",1,"Lab Instructor"
"SL1012 BCY-1B2","SL1012","Functional English - Lab","BCY-1B2","Software Engineering",1,"Lab Instructor"
"CL1000 BDS-1C","CL1000","Introduction to Information and Communication Technology","BDS-1C","Data Science",1,"Lab Instructor"
"CL1000 BCY-1D","CL1000","Introduction to Information and Communication Technology","BCY-1D","Cyber Security",1,"Lab Instructor"
"CL1002 BAI-1B","CL1002","Programming Fundamentals - Lab","BAI-1B","Artificial Intelligence",1,"Lab Instructor"
"SL1012 BAI-1B2","SL1012","Functional English - Lab","BAI-1B2","Artificial Intelligence",1,"Lab Instructor"
"SL1012 BCY-1D1","SL1012","Functional English - Lab","BCY-1D1","Software Engineering",1,"Lab Instructor"
"SL1012 BSE-1E1","SL1012","Functional English - Lab","BSE-1E1","Software Engineering",1,"Lab Instructor"
"SL1012 BDS-1C1","SL1012","Functional English - Lab","BDS-1C1","Software Engineering",1,"Lab Instructor"
"SL1012 BCY-1D2","SL1012","Functional English - Lab","BCY-1D2","Software Engineering",1,"Lab Instructor"
"SL1012 BSE-1E2","SL1012","Functional English - Lab","BSE-1E2","Software Engineering",1,"Lab Instructor"
"SL1012 BDS-1C2","SL1012","Functional English - Lab","BDS-1C2","Software Engineering",1,"Lab Instructor"
"CL1002 BSE-1E","CL1002","Programming Fundamentals - Lab","BSE-1E","Software Engineering",1,"Lab Instructor"
"SL1012 BAI-1B1","SL1012","Functional English - Lab","BAI-1B1","Artificial Intelligence",1,"Lab Instructor"
