Room ID,Room Name,Type,Capacity,Building
"c-301","C-301","Lecture",50,"Academic Block C"
"d-301","D-301","Smart Classroom",45,"Academic Block D"
"c-302","C-302","Lecture",50,"Academic Block C"
"d-302","D-302","Smart Classroom",45,"Academic Block D"
"c-303","C-303","Lecture",50,"Academic Block C"
"d-303","D-303","Smart Classroom",45,"Academic Block D"
"c-304","C-304","Lecture",50,"Academic Block C"
"d-304","D-304","Smart Classroom",45,"Academic Block D"
"c-305","C-305","Lecture",50,"Academic Block C"
"d-305","D-305","Smart Classroom",45,"Academic Block D"
"c-307","C-307","Lecture",50,"Academic Block C"
"d-306","D-306","Smart Classroom",45,"Academic Block D"
"c-308","C-308","Lecture",50,"Academic Block C"
"d-311","D-311","Smart Classroom",45,"Academic Block D"
"c-309","C-309","Lecture",50,"Academic Block C"
"d-312","D-312","Smart Classroom",45,"Academic Block D"
"c-310","C-310","Lecture",50,"Academic Block C"
"c-311","C-311","Lecture",50,"Academic Block C"
"d-314","D-314","Smart Classroom",45,"Academic Block D"
"c-401","C-401","Lecture",50,"Academic Block C"
"c-402","C-402","Lecture",50,"Academic Block C"
"d-316","D-316","Smart Classroom",45,"Academic Block D"
"c-403","C-403","Lecture",50,"Academic Block C"
"d-401","D-401","Smart Classroom",45,"Academic Block D"
"c-404","C-404","Lecture",50,"Academic Block C"
"d-402","D-402","Smart Classroom",45,"Academic Block D"
"c-405","C-405","Lecture",50,"Academic Block C"
"c-406","C-406","Lecture",50,"Academic Block C"
"c-407","C-407","Lecture",50,"Academic Block C"
"c-408","C-408","Lecture",50,"Academic Block C"
"c-409","C-409","Lecture",50,"Academic Block C"
"c-601","C-601","Lecture",50,"Academic Block C"
"c-602","C-602","Lecture",50,"Academic Block C"
"c-603","C-603","Lecture",50,"Academic Block C"
"c-604","C-604","Lecture",50,"Academic Block C"
"c-605","C-605","Lecture",50,"Academic Block C"
"c-607","C-607","Lecture",50,"Academic Block C"
"c-609","C-609","Lecture",50,"Academic Block C"
"d-313","D-313","Smart Classroom",50,"Academic Block D"
"d-315","D-315","Smart Classroom",50,"Academic Block D"
"d-403","D-403","Smart Classroom",50,"Academic Block D"
"d-404","D-404","Smart Classroom",50,"Academic Block D"
"d-405","D-405","Smart Classroom",50,"Academic Block D"
"d-406","D-406","Smart Classroom",50,"Academic Block D"
"d-411","D-411","Smart Classroom",50,"Academic Block D"
"d-412","D-412","Smart Classroom",50,"Academic Block D"
"d-413","D-413","Smart Classroom",50,"Academic Block D"
"d-414","D-414","Smart Classroom",50,"Academic Block D"
"d-415","D-415","Smart Classroom",50,"Academic Block D"
"d-416","D-416","Smart Classroom",50,"Academic Block D"
"d-501","D-501","Smart Classroom",50,"Academic Block D"
"d-502","D-502","Smart Classroom",50,"Academic Block D"
"d-503","D-503","Smart Classroom",50,"Academic Block D"
"d-504","D-504","Smart Classroom",50,"Academic Block D"
"d-505","D-505","Smart Classroom",50,"Academic Block D"
"d-506","D-506","Smart Classroom",50,"Academic Block D"
"c-110","C-110","Lecture",50,"Academic Block C"
"it-lab-1-d-210","IT Lab 1 (D-210)","Lab",40,"Computing & Tech Complex"
"it-lab-2-d-211","IT Lab 2 (D-211)","Lab",40,"Computing & Tech Complex"
"it-lab-3-d-213","IT Lab 3 (D-213)","Lab",40,"Computing & Tech Complex"
"it-lab-4-gpu-d-203","IT Lab 4-GPU (D-203)","Lab",40,"Computing & Tech Complex"
"margala-1-c-209","Margala 1 (C-209)","Lab",40,"Computing & Tech Complex"
"margala-3-c-211","Margala 3 (C-211)","Lab",40,"Computing & Tech Complex"
"margala-4-c-212","Margala 4 (C-212","Lab",40,"Computing & Tech Complex"
"rawal-1-c-509","Rawal 1 (C-509)","Lab",40,"Computing & Tech Complex"
"c-rawal-4-c-512","C-Rawal 4 (C-512)","Lab",40,"Academic Block C"
"cyber-d-514","Cyber (D-514)","Lab",40,"Computing & Tech Complex"
"call-1-a-213","CALL-1 (A-213)","Lab",40,"Computing & Tech Complex"
"call-2-a-214","CALL-2 (A-214)","Lab",40,"Computing & Tech Complex"
"call-3-a-308","CALL-3 (A-308)","Lab",40,"Computing & Tech Complex"
"mehran-2-a-306","Mehran-2 (A-306)","Lab",40,"Computing & Tech Complex"
"b-computing-3","B-Computing-3","Lab",40,"Computing & Tech Complex"
"b-digital","B-Digital","Lab",40,"Computing & Tech Complex"
"kybher-2","Kybher-2","Lab",40,"Computing & Tech Complex"
"kybher-3","Kybher-3","Lab",40,"Computing & Tech Complex"
"d-407","D-407","Smart Classroom",45,"Academic Block D"
"d-409","D-409","Smart Classroom",45,"Academic Block D"
"c-608","C-608","Lecture",50,"Academic Block C"
